prod_ai,count
sertraline hydrochloride,32726
venlafaxine hydrochloride,27290
escitalopram oxalate,16084
fluoxetine hydrochloride,14337
esketamine,12993
citalopram hydrobromide,12723
mirtazapine,10074
bupropion hydrochloride,9327
aripiprazole,9155
vortioxetine hydrobromide,8363
quetiapine,7894
desvenlafaxine succinate,7263
paroxetine,7056
lamotrigine,6433
brexpiprazole,5883
duloxetine,5866
bupropion,5828
duloxetine hydrochloride,5178
olanzapine,3890
quetiapine fumarate,3007
paroxetine hydrochloride,2760
alprazolam,2081
lurasidone hydrochloride,1778
risperidone,1706
vilazodone hydrochloride,1610
clonazepam,1489
zolpidem tartrate,1413
amitriptyline,1373
trazodone hydrochloride,1290
vortioxetine,1262
lorazepam,1076
diazepam,956
gabapentin,935
clozapine,899
pregabalin,873
bupropion hydrochloridedextromethorphan hydrobromide,773
cariprazine,690
brexanolone,657
desvenlafaxine,600
clomipramine,446
selegiline,388
levomilnacipran hydrochloride,371
phenelzine sulfate,370
valproic acid,351
tramadol,334
buspirone hydrochloride,315
amphetamine aspartateamphetamine sulfatedextroamphetamine saccharatedextroamphetamine sulfate,308
haloperidol,306
divalproex sodium,287
clomipramine hydrochloride,249
carbamazepine,245
amitriptyline hydrochloride,239
doxepin,234
topiramate,223
zolpidemzolpidem tartrate,223
lisdexamfetamine dimesylate,209
methylphenidate hydrochloride,202
valproate sodium,197
lumateperone,193
methylphenidate,190
herbalsmitragynine,185
ziprasidone hydrochlorideziprasidone mesylate,154
paliperidone palmitate,150
ketamine,142
amiodarone,140
nefazodone hydrochloride,139
asenapine maleate,138
lithium,136
agomelatine,134
imipramine,134
lurasidone,126
aripiprazole lauroxil,112
fluvoxamine,112
ibuprofen,110
ketamine hydrochloride,108
oxycodone hydrochloride,107
levetiracetam,107
nortriptyline hydrochloride,103
lithium carbonate,100
doxepin hydrochloride,99
bupropion hydrobromide,98
nortriptyline,97
triazolam,90
tranylcypromine,88
amphetaminedextroamphetamine,86
oxcarbazepine,85
phenelzine,83
bromocriptine,82
clonidine hydrochloride,81
milnacipran,80
vilazodone,72
amantadine hydrochloride,71
donepezil,70
oxycodone,70
fluvoxamine maleate,67
ziprasidone,66
diclofenac,64
sotalol,63
tranylcypromine sulfate,59
nefazodone,58
citalopram hydrochloride,55
cariprazine hydrochloride,54
phentermine hydrochloride,53
paliperidone,52
hydroxyzine hydrochloride,50
estrogens conjugatedmedroxyprogesterone acetate,50
rosuvastatin,48
oxaliplatin,44
estradiol,40
ocriplasmin,40
propranolol hydrochloride,40
pramipexole,39
haloperidol decanoate,38
tramadoltramadol hydrochloride,38
tianeptine,36
atomoxetine hydrochloride,36
pramipexole dihydrochloride,36
buprenorphine hydrochloridenaloxone hydrochloride,35
flumazenil,34
ciprofloxacin,33
lanadelumab,32
dextromethorphan hydrobromidequinidine sulfate,32
clobazam,31
imipramine hydrochloride,31
metformin hydrochloride,30
furosemide,30
atomoxetine,30
flupentixol,30
herbalstetrahydrocannabinol mixed,30
buprenorphine,29
asenapine,29
amitriptylineperphenazine,28
fluorouracil,26
metoprolol,26
clonidine,26
anakinra,25
theophylline,24
lidocaine,24
oxazepam,24
maprotiline hydrochloride,24
morphine sulfate,24
rosuvastatin calcium,24
delta8tetrahydrocannabinolherbals,23
selegiline hydrochloride,23
armodafinil,23
acetaminophen,22
tramadol hydrochloride,21
loperamide,21
ziprasidone hydrochloride,21
modafinil,20
dexamethasone,19
promethazinepromethazine hydrochloride,18
ritonavir,18
desipramine hydrochloride,18
viloxazine hydrochloride,18
olanzapinesamidorphan lmalate,18
estrogens conjugated,18
capecitabine,17
mitragynineherbals,17
milnacipran hydrochloride,17
memantine,16
palbociclib,16
ofatumumab,16
imipramine pamoate,14
amphetamine aspartateamphetamine aspartate monohydrateamphetamine sulfatedextroamphetamine saccharatedextroamphetamine sulfate,14
loperamide hydrochloride,14
naloxone hydrochloride,14
colchicine,14
amphetamine sulfatedextroamphetamine,14
trimipramine maleate,14
cetirizine hydrochloride,14
donepezil hydrochloride,14
paroxetine mesylate,14
naltrexone,13
isocarboxazid,13
valbenazine,13
amiodarone hydrochloride,13
clopidogrel bisulfate,13
clorazepate dipotassium,13
chlorpromazine hydrochloride,13
dextroamphetamine sulfate,13
varenicline tartrate,13
paroxetine hydrochloride hemihydrate,12
suvorexant,12
pomalidomide,12
azelaic acid,12
meloxicam,12
ribociclib,12
zonisamide,12
deutetrabenazine,12
unspecified ingredient,12
bevacizumab,11
paroxetine hydrochlorideparoxetine hydrochloride anhydrous,11
omeprazole,11
methotrexate sodium,11
pimavanserin tartrate,11
naloxone,11
delta8tetrahydrocannabinol,11
bromazepam,10
mitomycin,10
ivacaftortezacaftor,10
medroxyprogesterone acetate,10
doxorubicin,10
amantadine,10
hydroxyzine pamoate,10
peginterferon alfa2a,10
celecoxib,10
flurazepam hydrochloride,10
amlodipine besylate,10
sulpiride,10
carbidopalevodopa,10
adalimumab,10
magnesium sulfate,10
tianeptine sodium,9
testosterone cypionate,9
bupropion hydrochloridenaltrexone hydrochloride,9
tofacitinib citrate,9
ranolazine,9
maprotiline,9
delta8tetrahydrocannabinolcannabidiolherbals,8
hydromorphone,8
promethazine hydrochloride,8
pipamperone,8
irinotecan,8
eslicarbazepine acetate,8
chlorpromazine,8
trimipramine,8
irinotecan hydrochloride,8
sapropterin dihydrochloride,8
phenytoin,8
lemborexant,8
pantoprazole sodium,7
eszopiclone,7
verapamil hydrochloride,7
prednisone,7
metoprolol succinate,7
naproxen,7
cannabidiolherbals,6
amitriptyline hydrochloridechlordiazepoxide,6
omadacycline,6
imatinib,6
scopolamine,6
sumatriptan,6
atenolol,6
fluoxetine hydrochlorideolanzapine,6
amoxapine,6
fluphenazine hydrochloride,6
ondansetron hydrochloride,6
phenytoin sodium,6
memantine hydrochloride,6
nirmatrelvirritonavir,6
valacyclovir hydrochloride,6
dupilumab,6
tasimelteon,6
amitriptyline hydrochloridechlordiazepoxide hydrochloride,5
rivastigmine,5
atorvastatin calciumezetimibe,5
dimethyl sulfoxide,5
levomilnacipran,5
fentanyl,5
desipramine,5
lansoprazole,5
diclofenacdiclofenac sodium,5
benztropine mesylate,5
apremilast,5
minocycline hydrochloride,4
abatacept,4
omega3 fatty acids,4
ramipril,4
eculizumab,4
rivastigmine tartrate,4
amphetamine sulfate,4
sildenafil citrate,4
tetrabenazine,4
albuterol sulfate,4
dextromethorphan hydrobromideguaifenesin,4
azithromycin anhydrous,4
prednisolone,4
laronidase,4
sacubitrilvalsartan,4
fluphenazine,4
buprenorphine hydrochloride,4
olanzapine pamoate,4
cannabis sativa subsp indica top,4
chlordiazepoxide hydrochloride,4
guanfacine hydrochloride,3
emtricitabinetenofovir disoproxil fumarate,3
succinylcholine,3
riluzole,3
levothyroxine sodium,3
drospirenoneethinyl estradiol,3
dexmethylphenidate hydrochloride,3
zuranolone,3
cyclobenzaprine,3
naloxonepentazocine,3
sarilumab,3
onabotulinumtoxina,3
isoproterenol,3
upadacitinib,3
lenalidomide,3
ropinirole hydrochloride,3
tirzepatide,3
liothyronine,3
acetaminophentramadol hydrochloride,3
ethinyl estradiolnorgestimate,3
binimetinib,3
temazepam,3
flecainide,2
daridorexant,2
acetaminophenaspirincaffeine,2
buprenorphinenaloxone,2
niraparib,2
atorvastatin,2
ethinyl estradiolethynodiol diacetate,2
poractant alfa,2
teriflunomide,2
bedaquiline fumarate,2
calcium,2
primidone,2
protriptyline,2
itraconazole,2
mycophenolate mofetil,2
nivolumab,2
triamcinolone acetonide,2
4amino3phenylbutyric acid,2
lithium citrate,2
finasteride,2
tocilizumab,2
montelukast sodium,2
nicotine,2
doxylamine succinate,2
human immunoglobulin g,2
iloperidone,2
acetaminophentramadol,2
acetaminophenhydrocodone bitartrate,2
risankizumabrzaa,2
isotretinoin,2
hydroxychloroquine,2
ustekinumab,2
zoledronic acid,2
ranitidine hydrochloride,2
infliximab,2
palivizumab,2
dextroamphetamine,2
hemp,2
delta8tetrahydrocannabinoldeviceherbals,2
thiothixene,1
gadolinium,1
gabapentin enacarbil,1
hydrochlorothiazidelosartan potassium,1
neostigmine,1
promethazine hydrochloridethiourea,1
azathioprine,1
simvastatin,1
baclofen,1
encorafenib,1
loxapine,1
budesonideformoterol fumarate dihydrate,1
fibrinogen humanthrombin human,1
estradiol hemihydratenorethindrone acetaterelugolix,1
pentosan polysulfate sodium,1
apomorphine hydrochloride,1
rituximababbs,1
ketamineoxytocin,1
magnesium,1
levonorgestrel,1
metoclopramide hydrochloride,1
belimumab,1
tadalafil,1
pembrolizumab,1
testosterone,1
glucagon,1
ethinyl estradiollevonorgestrel,1
amitriptylinechlordiazepoxide,1
fremanezumabvfrm,1
perphenazine,1
metoprolol tartrate,1
propylhexedrine,1
