pt,count
nausea,2183
suicidal ideation,2072
anxiety,1886
dizziness,1798
depression,1763
headache,1424
insomnia,1335
fatigue,1231
vomiting,1217
tremor,1188
feeling abnormal,1188
serotonin syndrome,1177
confusional state,1101
suicide attempt,1022
withdrawal syndrome,981
somnolence,961
condition aggravated,958
dissociation,950
sedation,911
diarrhoea,901
product use in unapproved indication,887
malaise,843
fall,840
hyponatraemia,839
hyperhidrosis,825
weight increased,817
toxicity to various agents,801
product substitution issue,704
asthenia,697
overdose,684
agitation,668
electrocardiogram qt prolonged,664
intentional overdose,639
hypertension,592
drug abuse,579
dyspnoea,579
decreased appetite,566
paraesthesia,562
pain,542
irritability,534
hallucination,503
seizure,496
completed suicide,486
constipation,477
hypotension,469
crying,465
depressed mood,457
blood pressure increased,452
palpitations,449
loss of consciousness,449
disturbance in attention,442
pruritus,440
panic attack,427
vision blurred,427
dry mouth,410
anger,397
nightmare,397
weight decreased,391
dyskinesia,389
memory impairment,385
aggression,384
vertigo,382
intentional product misuse,377
pyrexia,375
abdominal pain,369
tachycardia,366
mania,345
rhabdomyolysis,340
restlessness,337
sleep disorder,336
intentional selfinjury,336
acute kidney injury,332
syncope,328
tinnitus,327
gait disturbance,327
product dose omission issue,322
bradycardia,322
abdominal pain upper,318
rash,314
sopor,307
visual impairment,306
urinary retention,301
myalgia,297
inappropriate antidiuretic hormone secretion,294
therapeutic product effect incomplete,292
migraine,283
abdominal discomfort,282
drug withdrawal syndrome,281
disorientation,280
psychotic disorder,280
paranoia,278
hypoaesthesia,277
akathisia,273
coma,272
amnesia,272
hallucination visual,269
mental disorder,269
chest pain,266
drug dependence,265
sexual dysfunction,264
erectile dysfunction,259
tardive dyskinesia,258
muscle spasms,251
arthralgia,243
wrong technique in product usage process,238
nervousness,237
depressed level of consciousness,235
balance disorder,235
hepatocellular injury,232
hallucination auditory,232
product use issue,231
psychomotor hyperactivity,230
cognitive disorder,229
mood swings,228
cardiac arrest,227
abnormal dreams,226
exposure during pregnancy,222
alopecia,219
speech disorder,218
dysphagia,218
death,218
pain in extremity,217
neuroleptic malignant syndrome,217
heart rate increased,217
dysarthria,213
loss of libido,210
muscle twitching,209
abnormal behaviour,209
hypokalaemia,209
chills,208
pneumonia,206
delirium,205
musculoskeletal stiffness,204
generalised tonicclonic seizure,204
loss of personal independence in daily activities,203
hospitalisation,200
major depression,199
altered state of consciousness,198
myoclonus,193
arrhythmia,192
druginduced liver injury,191
restless legs syndrome,190
blood creatine phosphokinase increased,190
back pain,190
bruxism,189
emotional disorder,189
pulmonary embolism,188
urticaria,186
night sweats,186
colitis microscopic,185
intentional product use issue,185
drug reaction with eosinophilia and systemic symptoms,184
anaemia,182
illness,182
mydriasis,181
maternal exposure during pregnancy,179
medication error,178
muscular weakness,177
lethargy,176
muscle rigidity,175
dehydration,175
libido decreased,174
mental impairment,174
parkinsonism,172
hypersomnia,172
cholestasis,171
underdose,171
incorrect dose administered,169
general physical health deterioration,169
drug intolerance,168
extrapyramidal disorder,168
delusion,167
thrombocytopenia,165
dyspepsia,162
sinus tachycardia,162
chest discomfort,161
reversible cerebral vasoconstriction syndrome,161
prescribed overdose,160
hypomania,159
epilepsy,158
orthostatic hypotension,155
product quality issue,155
depressive symptom,155
apathy,153
hot flush,152
mood altered,151
cerebral haemorrhage,149
treatment noncompliance,148
thinking abnormal,147
bradyphrenia,145
stress,144
contusion,144
dry eye,138
therapy cessation,135
interstitial lung disease,133
subdural haematoma,133
depression suicidal,133
neutropenia,133
emotional distress,132
tearfulness,132
hypoglycaemia,132
dystonia,131
erythema,131
drug level increased,130
urinary tract infection,130
abdominal distension,130
oedema peripheral,130
anorgasmia,129
dysgeusia,129
suicidal behaviour,128
hepatic cytolysis,128
cerebrovascular accident,127
euphoric mood,127
product dose omission,126
epistaxis,125
encephalopathy,124
cough,123
anhedonia,123
hypokinesia,122
alanine aminotransferase increased,122
drug ineffective for unapproved indication,121
gestational diabetes,121
adverse drug reaction,121
covid19,121
gastrooesophageal reflux disease,117
product prescribing error,117
ventricular tachycardia,115
gastrointestinal disorder,114
poor quality sleep,111
hypersensitivity,111
increased appetite,109
feeling hot,109
leukopenia,108
therapy nonresponder,107
respiratory failure,107
psychiatric decompensation,106
tachyphrenia,106
rectal haemorrhage,105
torsade de pointes,105
clonus,104
disease recurrence,104
feeling jittery,103
affective disorder,101
unresponsive to stimuli,100
psychomotor retardation,100
myocardial infarction,100
drug resistance,100
influenza like illness,99
aphasia,99
cardiorespiratory arrest,99
hyperthermia,99
therapeutic product effect decreased,99
therapeutic response unexpected,99
status epilepticus,97
burning sensation,97
movement disorder,97
inappropriate schedule of product administration,96
inability to afford medication,96
metabolic acidosis,95
blood pressure decreased,95
discomfort,95
multiple organ dysfunction syndrome,94
adverse event,93
treatment failure,93
mental status changes,92
dysuria,92
hepatic enzyme increased,92
therapeutic response decreased,92
bipolar disorder,91
upper gastrointestinal haemorrhage,91
poisoning deliberate,91
pneumonia aspiration,90
impaired work ability,90
atrial fibrillation,90
urinary incontinence,90
leukocytosis,90
galactorrhoea,89
feeling cold,88
obsessivecompulsive disorder,88
gastrointestinal haemorrhage,88
photophobia,87
selfinjurious ideation,87
lactic acidosis,87
diplopia,86
blood creatinine increased,86
electric shock sensation,85
respiratory depression,85
haemorrhage intracranial,85
hyperreflexia,85
abnormal weight gain,85
swelling face,84
body temperature increased,84
hyperprolactinaemia,83
stevensjohnson syndrome,83
contraindicated product administered,83
stress cardiomyopathy,83
fear,82
aspartate aminotransferase increased,82
haematemesis,81
pancreatitis acute,81
psychomotor skills impaired,81
head discomfort,81
nystagmus,81
retching,81
drug hypersensitivity,80
salivary hypersecretion,80
product dispensing error,80
feeling of despair,80
melaena,80
eye pain,79
flushing,79
persecutory delusion,79
hepatic function abnormal,79
peripheral swelling,79
homicidal ideation,78
deep vein thrombosis,78
sedation complication,77
affect lability,77
head injury,77
depersonalisationderealisation disorder,77
haematoma,76
nasopharyngitis,76
gammaglutamyltransferase increased,76
cardiogenic shock,75
cardiac failure,75
transaminases increased,75
derealisation,75
flatulence,74
therapy change,74
subarachnoid haemorrhage,74
oropharyngeal pain,74
mobility decreased,73
cerebral haematoma,73
ventricular fibrillation,73
accidental overdose,73
pollakiuria,73
blood glucose increased,72
muscle tightness,72
eating disorder,72
renal failure,72
sensory disturbance,72
therapy interrupted,71
catatonia,71
oedema,71
influenza,70
renal impairment,69
eosinophilia,69
gastritis,69
haemorrhage,69
hypertonia,68
jaundice,68
oxygen saturation decreased,68
electrocardiogram qrs complex prolonged,68
intestinal obstruction,67
dysstasia,67
tic,67
behaviour disorder,67
hypoacusis,66
personality change,66
tension,66
pancreatitis,66
product odour abnormal,66
liver injury,66
diabetes mellitus,66
insurance issue,65
blood prolactin increased,64
yawning,64
presyncope,64
rash pruritic,64
joint stiffness,64
long qt syndrome,63
hypoxia,63
lip swelling,63
sinus bradycardia,63
haemorrhagic stroke,63
hepatitis,62
intrusive thoughts,62
cold sweat,62
haematochezia,61
psychiatric symptom,61
dissociative disorder,61
hyperkalaemia,61
middle insomnia,61
negative thoughts,61
circulatory collapse,61
heart rate decreased,60
sudden death,60
rash maculopapular,59
nervous system disorder,59
blood cholesterol increased,59
coordination abnormal,58
road traffic accident,58
trismus,58
rash erythematous,57
angioedema,57
vaginal haemorrhage,57
drug effect incomplete,57
panic reaction,57
cataract,57
feeling drunk,57
hypothyroidism,57
cardiac disorder,56
swollen tongue,56
conjunctivitis,56
hyperacusis,56
genital hypoaesthesia,56
poisoning,55
device malfunction,55
no adverse event,55
labelled drugdrug interaction medication error,54
decreased interest,54
hypoaesthesia oral,54
psoriasis,53
ataxia,53
parkinsons disease,53
miosis,53
psychotic symptom,53
shock,52
throat irritation,52
dysphonia,52
blood lactate dehydrogenase increased,52
sleep apnoea syndrome,52
choking,52
abortion spontaneous,52
pain in jaw,52
sinusitis,52
product administration error,51
potentiating drug interaction,51
impulsive behaviour,51
colitis,51
hyperglycaemia,51
blindness,50
food interaction,50
cholelithiasis,50
product residue present,50
lung disorder,50
neck pain,50
skin lesion,49
blister,49
schizophrenia,48
haemoglobin decreased,48
limb discomfort,48
impaired driving ability,48
rebound effect,47
thirst,47
haemophagocytic lymphohistiocytosis,47
eye disorder,47
photosensitivity reaction,47
facial paralysis,47
dementia,47
hyperventilation,47
asthma,47
acute respiratory failure,47
hepatotoxicity,46
device issue,46
bradykinesia,46
eye irritation,46
pleural effusion,46
mouth ulceration,46
mixed liver injury,46
ischaemic stroke,46
hypophagia,46
hostility,45
surgery,45
gait inability,45
gambling disorder,45
logorrhoea,45
joint swelling,45
initial insomnia,45
micturition urgency,45
liver disorder,45
jaundice cholestatic,44
liver function test abnormal,44
transient ischaemic attack,44
blood sodium decreased,44
brain injury,44
acute hepatic failure,44
gastric disorder,44
dizziness postural,44
quality of life decreased,44
social avoidant behaviour,44
toxic skin eruption,43
therapy partial responder,43
libido increased,43
male sexual dysfunction,43
posttraumatic stress disorder,43
troponin increased,43
bronchitis,43
formication,43
brugada syndrome,43
hypertriglyceridaemia,43
blood potassium increased,42
product complaint,42
panic disorder,42
frustration tolerance decreased,42
international normalised ratio increased,42
angle closure glaucoma,42
binge eating,41
dry skin,41
hepatic steatosis,41
heart rate irregular,41
obsessive thoughts,41
extra dose administered,41
skin exfoliation,41
menorrhagia,41
feeding disorder,40
drug eruption,40
somnambulism,40
therapeutic response changed,40
toxic encephalopathy,40
cerebral disorder,40
irritable bowel syndrome,40
energy increased,40
ecchymosis,40
hepatic failure,40
rhinorrhoea,40
tachypnoea,39
blood potassium decreased,39
acute respiratory distress syndrome,39
expired product administered,39
arthropathy,39
lacrimation increased,39
throat tightness,39
illusion,39
type 2 diabetes mellitus,39
agranulocytosis,39
sleeprelated eating disorder,39
disorganised speech,39
toxic epidermal necrolysis,39
haematuria,39
posterior reversible encephalopathy syndrome,39
cerebral infarction,38
lupuslike syndrome,38
creactive protein increased,38
anal incontinence,38
coma scale abnormal,38
hypertensive crisis,38
disseminated intravascular coagulation,38
sleep paralysis,38
faecaloma,38
ear pain,38
congestive cardiomyopathy,37
hyperbilirubinaemia,37
acne,37
feelings of worthlessness,37
product availability issue,37
cyanosis,37
concussion,37
abulia,37
inflammation,37
blood bilirubin increased,37
fibromyalgia,37
brain oedema,37
hypotonia,37
hypothermia,36
chronic obstructive pulmonary disease,36
dysphemia,36
breast cancer,36
amenorrhoea,36
multiple sclerosis relapse,36
arthritis,36
persistent genital arousal disorder,36
face oedema,36
dysphoria,36
haemodynamic instability,36
erythema multiforme,36
maternal exposure during breast feeding,36
hypocalcaemia,36
violencerelated symptom,35
taste disorder,35
meningioma,35
acute generalised exanthematous pustulosis,35
antipsychotic drug level increased,35
alcoholism,35
swelling,35
cardiovascular disorder,35
blepharospasm,35
disease progression,35
body height decreased,35
atrioventricular block,35
angina pectoris,35
alcohol interaction,35
shock haemorrhagic,35
acute myocardial infarction,35
flat affect,35
drug effective for unapproved indication,34
left ventricular dysfunction,34
product formulation issue,34
ocular hyperaemia,34
intentional dose omission,34
eye movement disorder,34
lymphadenopathy,34
pulse absent,34
chromaturia,34
neurological symptom,34
rash generalised,33
drug effect decreased,33
glossodynia,33
fluid retention,33
hepatitis acute,33
neurotoxicity,33
increased tendency to bruise,33
emotional poverty,33
musculoskeletal discomfort,33
red blood cell count decreased,33
amylase increased,33
product taste abnormal,33
blood pressure fluctuation,33
ventricular extrasystoles,33
skin burning sensation,33
hallucinations mixed,33
tension headache,33
pallor,33
feeling of body temperature change,33
injury,32
sepsis,32
fracture,32
compulsive shopping,32
disturbance in sexual arousal,32
neuropathy peripheral,32
sluggishness,32
skin discolouration,32
stillbirth,32
electrolyte imbalance,32
antidepressant discontinuation syndrome,32
oral discomfort,32
hepatitis cholestatic,32
lymphopenia,31
bedridden,31
haemarthrosis,31
white blood cell count decreased,31
menstruation irregular,31
screaming,31
ejaculation delayed,31
eye swelling,31
stupor,31
genital anaesthesia,31
blood pressure abnormal,31
anaphylactic reaction,30
pleurothotonus,30
neoplasm recurrence,30
paraesthesia oral,30
rib fracture,30
hemiparesis,30
myoglobin urine present,30
purpura,30
preeclampsia,30
cataplexy,30
maculopathy,30
disinhibition,29
nasal congestion,29
respiratory distress,29
stomatitis,29
priapism,29
thrombosis,29
substance abuse,29
hemiplegia,29
subacute cutaneous lupus erythematosus,29
petit mal epilepsy,29
burning mouth syndrome,29
food craving,29
personality disorder,29
hangover,29
blood pressure systolic increased,29
deafness,29
toothache,29
oral pain,29
faeces discoloured,29
glaucoma,28
parosmia,28
bipolar i disorder,28
impaired gastric emptying,28
diabetic ketoacidosis,28
haemoptysis,28
compartment syndrome,27
blood alkaline phosphatase increased,27
ageusia,27
premature ejaculation,27
dermatitis allergic,27
myositis,27
product physical issue,27
torticollis,27
supraventricular tachycardia,27
illdefined disorder,27
drug screen positive,27
abnormal loss of weight,27
drug dose omission,27
menstrual disorder,27
appetite disorder,27
photopsia,27
gastric infection,27
eosinophilic pneumonia acute,27
gynaecomastia,27
skin reaction,27
inadequate analgesia,27
visual field defect,26
visual acuity reduced,26
cardiac failure acute,26
vitreous floaters,26
organising pneumonia,26
neoplasm malignant,26
breast pain,26
unevaluable event,26
drug screen false positive,26
poor quality product administered,26
autoscopy,26
hyperphagia,26
gastrointestinal pain,26
white blood cell count increased,26
osteoporosis,26
sleep terror,26
rash papular,26
gingival bleeding,26
osteoarthritis,25
respiratory acidosis,25
hunger,25
apallic syndrome,25
prescribed underdose,25
pruritus generalised,25
cardiotoxicity,25
impulsecontrol disorder,25
muscle spasticity,25
product dose omission in error,25
paradoxical drug reaction,25
bronchiectasis,25
hyperthyroidism,25
anticholinergic syndrome,25
partial seizures,25
respiratory rate increased,25
alcohol poisoning,25
septic shock,25
respiration abnormal,25
feeling guilty,24
ankle fracture,24
tourettes disorder,24
premature delivery,24
liver function test increased,24
temporomandibular joint syndrome,24
pulmonary arterial hypertension,24
multiple drug therapy,24
joint injury,24
hyperaesthesia,24
nephrolithiasis,24
cystitis,24
haematoma muscle,24
sensory loss,24
productive cough,24
incorrect route of product administration,24
blood glucose decreased,23
bundle branch block right,23
sensation of foreign body,23
drooling,23
coagulopathy,23
male orgasmic disorder,23
limb injury,23
ejaculation failure,23
heat stroke,23
symptom recurrence,23
impaired quality of life,23
polyhydramnios,23
rash macular,23
product administered to patient of inappropriate age,23
neuralgia,23
atrioventricular block first degree,23
breast tenderness,23
electrocardiogram abnormal,23
hypomagnesaemia,23
upper respiratory tract infection,23
pancytopenia,23
acute psychosis,22
lipase increased,22
retrograde ejaculation,22
orgasm abnormal,22
multiple sclerosis,22
paralysis,22
polyuria,22
ejaculation disorder,22
thyroid disorder,22
ear discomfort,22
metabolic disorder,22
morbid thoughts,22
drug titration error,22
blood triglycerides increased,22
skin abrasion,22
heart rate abnormal,22
weight fluctuation,22
pulmonary fibrosis,22
musculoskeletal pain,22
druggenetic interaction,22
apraxia,21
temperature intolerance,21
apnoea,21
clumsiness,21
oesophageal spasm,21
dry throat,21
hypertensive emergency,21
effusion,21
economic problem,21
wheezing,21
incontinence,21
systemic lupus erythematosus,21
ascites,21
oliguria,21
dyspnoea exertional,21
malabsorption,21
postmenopausal haemorrhage,21
excessive eye blinking,21
dementia alzheimers type,21
tenderness,21
disability,21
withdrawal catatonia,21
knee arthroplasty,21
hypercholesterolaemia,21
obesity,21
respiratory disorder,21
self esteem decreased,21
distractibility,21
incoherent,21
product prescribing issue,21
drug monitoring procedure incorrectly performed,21
thrombophlebitis,21
lymphoedema,21
decreased activity,21
platelet count decreased,20
psychogenic seizure,20
muscle strain,20
lower respiratory tract infection,20
near death experience,20
genital haemorrhage,20
eczema,20
pressure of speech,20
blood lactic acid increased,20
product use complaint,20
cardiac valve disease,20
hypovolaemia,20
ocular discomfort,20
hypernatraemia,20
camptocormia,20
gastric ulcer,20
hyponatraemic coma,20
craniocerebral injury,20
pharyngeal swelling,20
intraventricular haemorrhage,20
musculoskeletal chest pain,20
autoimmune hepatitis,20
femoral neck fracture,20
pregnancy,19
vitamin d decreased,19
eosinophilic pneumonia,19
sternal fracture,19
libido disorder,19
female orgasmic disorder,19
oesophagitis,19
glomerular filtration rate decreased,19
bundle branch block left,19
homicide,19
hypersensitivity pneumonitis,19
indifference,19
joint dislocation,19
herpes zoster,19
muscle contractions involuntary,19
hiccups,19
micturition disorder,19
bone marrow failure,19
soft tissue injury,19
adverse reaction,19
posttraumatic neck syndrome,19
dermatitis exfoliative generalised,19
autonomic nervous system imbalance,19
cell death,19
jaw disorder,19
mouth swelling,19
hypersexuality,19
foetal death,19
activation syndrome,19
prescription drug used without a prescription,19
eructation,19
oesophageal pain,19
alcohol use,19
oromandibular dystonia,19
infection,19
dependence,19
mixed anxiety and depressive disorder,19
accidental death,19
inappropriate affect,18
mitral valve incompetence,18
false positive investigation result,18
hypertrophic cardiomyopathy,18
tricuspid valve incompetence,18
aphthous ulcer,18
substanceinduced psychotic disorder,18
diverticulitis,18
bleeding time prolonged,18
persistent depressive disorder,18
polyneuropathy,18
respiratory tract infection,18
cellulitis,18
cerebral vasoconstriction,18
breast swelling,18
cardiomyopathy,18
attention deficit hyperactivity disorder,18
breast mass,18
motor dysfunction,18
chorea,18
sinus headache,18
lower gastrointestinal haemorrhage,18
female sexual dysfunction,18
sinoatrial block,18
communication disorder,18
needle issue,18
ejection fraction decreased,18
alice in wonderland syndrome,18
metrorrhagia,18
eye haemorrhage,18
eye pruritus,18
dysgraphia,18
cogwheel rigidity,18
therapeutic product ineffective,18
idiopathic intracranial hypertension,17
bladder dilatation,17
flashback,17
mutism,17
hypertrichosis,17
haematocrit decreased,17
anuria,17
overweight,17
pharyngeal ulceration,17
lower limb fracture,17
crohns disease,17
retinal tear,17
ear infection,17
social problem,17
mast cell activation syndrome,17
aortic valve incompetence,17
cardiac flutter,17
labelled drugdrug interaction issue,17
hypopnoea,17
tubulointerstitial nephritis,17
conversion disorder,17
spinal fracture,17
coeliac disease,17
chronic kidney disease,17
listless,17
bronchospasm,17
fear of death,17
back disorder,17
food aversion,17
suicide threat,17
peripheral coldness,17
alcohol abuse,17
obstructive airways disorder,17
orgasmic sensation decreased,17
supraventricular extrasystoles,17
myocarditis,17
pemphigoid,17
candida infection,16
tongue movement disturbance,16
general physical condition abnormal,16
decreased eye contact,16
narcolepsy,16
tooth fracture,16
helplessness,16
tongue disorder,16
selfmedication,16
neutrophil count decreased,16
oculogyric crisis,16
hypochloraemia,16
urine output decreased,16
viral infection,16
premature labour,16
impatience,16
generalised oedema,16
haemolytic anaemia,16
platelet disorder,16
cardiovascular insufficiency,16
blood thyroid stimulating hormone decreased,16
extrasystoles,16
neurological decompensation,16
subileus,16
slow response to stimuli,16
renal disorder,16
hyporesponsive to stimuli,15
skin laceration,15
iron deficiency,15
agoraphobia,15
retinal detachment,15
product solubility abnormal,15
sudden cardiac death,15
vertigo positional,15
somatic symptom disorder,15
patient dissatisfaction with treatment,15
therapeutic product effect delayed,15
eyelid oedema,15
sympathomimetic effect,15
respiratory arrest,15
immune thrombocytopenia,15
femur fracture,15
tongue biting,15
hypertransaminasaemia,15
rectal ulcer,15
oral mucosal blistering,15
breast enlargement,15
lactation disorder,15
drug clearance decreased,15
reduced facial expression,15
reading disorder,15
myopathy,15
social anxiety disorder,15
inhibitory drug interaction,15
tonic clonic movements,15
pulmonary oedema,15
platelet count increased,15
scratch,15
immune thrombocytopenic purpura,15
ischaemic cerebral infarction,15
drug dispensed to wrong patient,14
nasal discomfort,14
brain herniation,14
grandiosity,14
staring,14
proteinuria,14
lymphocytic oesophagitis,14
microcytic anaemia,14
bone pain,14
retroperitoneal fibrosis,14
postural tremor,14
daydreaming,14
lung neoplasm malignant,14
hip arthroplasty,14
rapid eye movement sleep behaviour disorder,14
hyperthermia malignant,14
hypervigilance,14
renal hypertension,14
atrioventricular block complete,14
atrial flutter,14
frequent bowel movements,14
uveitis,14
sexually inappropriate behaviour,14
product label issue,14
blunted affect,14
metastases to liver,14
rapid eye movements sleep abnormal,14
full blood count abnormal,14
venous thrombosis,14
sleep talking,14
anaphylactic shock,14
stereotypy,14
ocular hypertension,14
bezoar,14
physical assault,14
antisocial behaviour,14
hormone level abnormal,14
wrist fracture,14
blindness transient,14
obstructive sleep apnoea syndrome,14
diabetes mellitus inadequate control,14
cutaneous vasculitis,14
circumstance or information capable of leading to medication error,14
symptom masked,14
blood urea increased,14
atrioventricular block second degree,14
facial pain,14
neutrophil count increased,14
convulsive threshold lowered,14
body mass index increased,14
infusion related reaction,14
osmotic demyelination syndrome,13
suspected counterfeit product,13
deja vu,13
dyslipidaemia,13
skin disorder,13
trunk injury,13
haemorrhagic diathesis,13
intracranial pressure increased,13
fine motor skill dysfunction,13
petechiae,13
abnormal faeces,13
duodenal ulcer perforation,13
tooth loss,13
oropharyngeal discomfort,13
brain death,13
resuscitation,13
thrombophlebitis superficial,13
haemorrhage subcutaneous,13
rash morbilliform,13
pneumonitis,13
duodenitis,13
wrong product administered,13
gastric ulcer haemorrhage,13
ligament sprain,13
hiatus hernia,13
head titubation,13
abdominal wall haematoma,13
application site erythema,13
hypnagogic hallucination,13
peritonitis,13
immune system disorder,13
hip fracture,13
wrong dose,13
transient global amnesia,13
subdural haemorrhage,13
nonalcoholic steatohepatitis,13
erection increased,13
device defective,13
body temperature decreased,13
thunderclap headache,13
malignant neoplasm progression,13
generalised anxiety disorder,13
snoring,13
brain fog,13
atelectasis,13
hyperlipidaemia,13
vulvovaginal dryness,13
spinal operation,13
illness anxiety disorder,12
perinatal depression,12
onycholysis,12
periorbital oedema,12
cerebellar syndrome,12
skin plaque,12
manufacturing issue,12
skin haemorrhage,12
blood pressure diastolic decreased,12
myoclonic epilepsy,12
oligomenorrhoea,12
gambling,12
hyposomnia,12
disturbance in social behaviour,12
vasoplegia syndrome,12
normochromic normocytic anaemia,12
anosmia,12
polydipsia,12
blood urine present,12
papilloedema,12
drug effect less than expected,12
dysmetria,12
gastric haemorrhage,12
vanishing bile duct syndrome,12
acute stress disorder,12
alcohol use disorder,12
vasospasm,12
antiandrogen therapy,12
inappropriate schedule of drug administration,12
retroperitoneal haematoma,12
abdominal pain lower,12
drug level decreased,12
pupils unequal,12
accommodation disorder,12
bone disorder,12
stiff person syndrome,12
delusional perception,12
product administration interrupted,12
ventricular arrhythmia,12
skin hyperpigmentation,12
sunburn,12
herbal interaction,12
sensory overload,12
nasal dryness,12
functional gastrointestinal disorder,12
vitamin d deficiency,12
obstruction,12
embolism,12
language disorder,12
distributive shock,12
intestinal pseudoobstruction,12
ischaemia,12
sinus rhythm,12
food refusal,11
pharyngitis,11
migraine with aura,11
hepatic enzyme abnormal,11
glycosylated haemoglobin increased,11
ulcer,11
pericardial effusion,11
acute pulmonary oedema,11
subcutaneous haematoma,11
contraindication to medical treatment,11
bladder pain,11
tongue ulceration,11
thrombocytosis,11
foaming at mouth,11
intraocular pressure increased,11
postural orthostatic tachycardia syndrome,11
enuresis,11
psychopathic personality,11
pelvic pain,11
cheilitis,11
rotator cuff syndrome,11
vitamin b12 deficiency,11
pupil fixed,11
suspected product quality issue,11
sleep deficit,11
myoglobin blood increased,11
nodal rhythm,11
food intolerance,11
anxiety disorder,11
azotaemia,11
antidepressant drug level above therapeutic,11
hyperammonaemia,11
intervertebral disc protrusion,11
cerebellar haematoma,11
hepatic encephalopathy,11
drug withdrawal convulsions,11
exercise tolerance decreased,11
chorioretinitis,11
drug tolerance,11
therapeutic response shortened,11
spider naevus,11
therapeutic product effect increased,11
bipolar ii disorder,11
manufacturing materials issue,11
hypercapnia,11
painful erection,11
conduction disorder,11
osteomyelitis,11
posturing,11
breast cyst,10
posture abnormal,10
mucosal inflammation,10
hanging,10
cotards syndrome,10
electrocardiogram pr prolongation,10
blood pressure diastolic increased,10
testicular pain,10
acidosis,10
malocclusion,10
nocturia,10
haemorrhage in pregnancy,10
product packaging quantity issue,10
atrial tachycardia,10
blood hyposmosis,10
delusion of grandeur,10
cartilage injury,10
gastrointestinal sounds abnormal,10
kleptomania,10
eyelid myoclonus,10
product colour issue,10
cardiac failure congestive,10
cushings syndrome,10
lymphocyte count decreased,10
confabulation,10
acute coronary syndrome,10
asphyxia,10
hyperglycaemic hyperosmolar nonketotic syndrome,10
tonic convulsion,10
tunnel vision,10
eyelid ptosis,10
areflexia,10
ear disorder,10
cutaneous lupus erythematosus,10
hepatic mass,10
obsessivecompulsive symptom,10
application site reaction,10
rash pustular,10
fibrin d dimer increased,10
post procedural complication,10
colitis ischaemic,10
upper limb fracture,10
drug monitoring procedure not performed,10
blood loss anaemia,10
vitamin b12 decreased,10
hypophosphataemia,10
colon cancer,10
delirium tremens,10
moaning,10
dysaesthesia,10
executive dysfunction,10
vasculitis,10
cholecystitis,10
cardiomegaly,10
electric shock,10
vomiting projectile,10
clostridium difficile infection,10
nephrotic syndrome,10
terminal insomnia,10
mechanical ventilation,10
electrocardiogram pq interval prolonged,10
bradypnoea,10
cholestatic liver injury,10
sinus congestion,10
dermatitis,10
neutrophilia,10
rheumatoid arthritis,10
head banging,10
skin fissures,10
cystoid macular oedema,10
pseudophaeochromocytoma,10
aphonia,10
autoimmune disorder,10
fallots tetralogy,10
dyspareunia,10
back injury,10
fungal infection,10
accidental exposure to product,10
pain of skin,10
incorrect product administration duration,10
gaze palsy,10
proctalgia,10
tendon rupture,10
intestinal haemorrhage,10
henochschonlein purpura,10
dyschromatopsia,10
synaesthesia,9
uraemic encephalopathy,9
injection site pain,9
oral mucosal erythema,9
soliloquy,9
pharyngeal haemorrhage,9
seizure like phenomena,9
hypnopompic hallucination,9
serum sicknesslike reaction,9
splenomegaly,9
nerve injury,9
dermatillomania,9
eosinophil count increased,9
antidepressant drug level increased,9
compulsions,9
cerebral ischaemia,9
slow speech,9
hypouricaemia,9
hyperpyrexia,9
drug delivery system malfunction,9
general symptom,9
reaction to excipient,9
ophthalmoplegia,9
pyelonephritis,9
odynophagia,9
muscle injury,9
low density lipoprotein increased,9
multiple fractures,9
weight bearing difficulty,9
deafness unilateral,9
drug administered to patient of inappropriate age,9
gun shot wound,9
renal haemorrhage,9
blood osmolarity decreased,9
blood pressure systolic decreased,9
mass,9
carcinoid heart disease,9
non24hour sleepwake disorder,9
chronic spontaneous urticaria,9
focal segmental glomerulosclerosis,9
rosacea,9
drug dose titration not performed,9
lung opacity,9
secretion discharge,9
hernia,9
dental restoration failure,9
loose tooth,9
lip dry,9
prostate cancer,9
maternal exposure before pregnancy,9
sensitive skin,9
food poisoning,9
renal pain,9
brachial plexus injury,9
foot fracture,9
motion sickness,9
hepatitis toxic,9
lens dislocation,9
mucosal dryness,9
loss of therapeutic response,9
hysterectomy,9
hallucination olfactory,9
loss of employment,9
xerophthalmia,9
refusal of treatment by patient,9
encephalitis,9
product administered at inappropriate site,9
eosinophilic myocarditis,9
endotracheal intubation,9
thermal burn,9
dermatitis atopic,9
frontotemporal dementia,9
wrong strength,9
tonsillar haemorrhage,9
clonic convulsion,9
gastrointestinal motility disorder,9
mitral valve disease,9
scar,9
anal haemorrhage,9
bladder disorder,9
mouth haemorrhage,9
emphysema,9
pulmonary toxicity,9
dysmenorrhoea,9
basal ganglia haemorrhage,9
phaeochromocytoma,9
feeling of relaxation,9
superior sagittal sinus thrombosis,9
accident,9
urinary hesitation,9
bicytopenia,9
anaemia macrocytic,9
lymphocyte count increased,9
cardiac fibrillation,9
pulseless electrical activity,9
nodule,9
sinus arrhythmia,9
skin irritation,9
aspiration,9
autoimmune thyroiditis,9
therapeutic product effect variable,8
asthenopia,8
unmasking of previously unidentified disease,8
poverty of speech,8
attention deficithyperactivity disorder,8
central vision loss,8
malloryweiss syndrome,8
brain neoplasm,8
pituitary tumour,8
arthropod bite,8
hyperkinesia,8
exposure via breast milk,8
product preparation error,8
neutropenic sepsis,8
physical disability,8
blood glucose abnormal,8
squamous cell carcinoma,8
tongue oedema,8
intervertebral disc degeneration,8
starvation,8
organ failure,8
lip haemorrhage,8
nephropathy toxic,8
swelling of eyelid,8
prostatism,8
dyspnoea at rest,8
preexisting condition improved,8
laryngitis,8
meningitis aseptic,8
hypoparathyroidism,8
normal pressure hydrocephalus,8
sudden onset of sleep,8
asocial behaviour,8
pharyngitis streptococcal,8
pelvic fracture,8
drowning,8
vith nerve paralysis,8
mastication disorder,8
cd4 lymphocytes decreased,8
serum serotonin increased,8
inappropriate schedule of product discontinuation,8
action tremor,8
agitated depression,8
sciatica,8
drug level above therapeutic,8
laryngospasm,8
pharyngeal paraesthesia,8
hepatosplenomegaly,8
weight loss poor,8
anterograde amnesia,8
fixed eruption,8
cardiac murmur,8
choking sensation,8
arteriosclerosis coronary artery,8
hyporeflexia,8
decreased immune responsiveness,8
opisthotonus,8
gastroenteritis,8
amniorrhexis,8
thyroid mass,8
procedural complication,8
megacolon,8
vaginal discharge,8
temperature regulation disorder,8
hyperresponsive to stimuli,8
genital rash,8
focal dyscognitive seizures,8
vitreous opacities,8
breast discharge,8
restrictive cardiomyopathy,8
activated partial thromboplastin time prolonged,8
infertility,8
product delivery mechanism issue,8
hypogammaglobulinaemia,8
tongue erythema,8
ventricular dysfunction,8
noncardiac chest pain,8
hypoxicischaemic encephalopathy,8
product storage error,8
aplastic anaemia,8
chronic gastritis,8
coronary artery disease,8
nasal polyps,8
stress fracture,8
eosinophil count decreased,8
ear haemorrhage,8
platelet aggregation abnormal,8
premature rupture of membranes,8
allergic reaction to excipient,8
metabolic encephalopathy,8
hyperchloraemia,8
heavy menstrual bleeding,8
product adhesion issue,8
electrocardiogram t wave abnormal,7
hair growth abnormal,7
skin maceration,7
choroidal detachment,7
acne cystic,7
suspected suicide attempt,7
hair texture abnormal,7
hyponatraemic syndrome,7
resting tremor,7
exophthalmos,7
bursitis,7
colitis ulcerative,7
akinesia,7
facial discomfort,7
antipsychotic drug level above therapeutic,7
haemorrhagic transformation stroke,7
chilaiditis syndrome,7
schizoaffective disorder,7
genital burning sensation,7
electrocardiogram qrs complex abnormal,7
duplicate therapy error,7
pulmonary alveolar haemorrhage,7
volvulus,7
oral candidiasis,7
breast cancer metastatic,7
muscle contracture,7
drugdisease interaction,7
hereditary nonpolyposis colorectal cancer syndrome,7
patella fracture,7
intestinal anastomosis complication,7
drug diversion,7
cerebellar haemorrhage,7
caesarean section,7
misophonia,7
oligohydramnios,7
conjunctival hyperaemia,7
ketoacidosis,7
tooth abscess,7
foetal exposure during pregnancy,7
fluid overload,7
nuchal rigidity,7
retinal vein occlusion,7
metastases to lung,7
xanthoma,7
oral herpes,7
foreign body in throat,7
large intestine perforation,7
enteritis,7
mitochondrial encephalomyopathy,7
abnormal sleeprelated event,7
pulse abnormal,7
knee operation,7
ventricular hypokinesia,7
delayed recovery from anaesthesia,7
coronavirus infection,7
high risk sexual behaviour,7
gastritis haemorrhagic,7
lip oedema,7
vitreous degeneration,7
prothrombin time shortened,7
visual perseveration,7
victim of crime,7
jaw fracture,7
spontaneous ejaculation,7
blood disorder,7
thoracic vertebral fracture,7
lip pain,7
haemorrhoids,7
blood thyroid stimulating hormone increased,7
gout,7
oral disorder,7
sudden hearing loss,7
drugdevice interaction,7
alopecia areata,7
hepatitis fulminant,7
blood uric acid increased,7
drug withdrawal headache,7
upper respiratory tract congestion,7
aortic thrombosis,7
cholecystectomy,7
salmonellosis,7
fluid intake reduced,7
iron deficiency anaemia,7
sarcoidosis,7
sick leave,7
menstruation delayed,7
portal vein thrombosis,7
cytomegalovirus test positive,7
injection site discomfort,7
hypertensive urgency,7
forced vital capacity decreased,7
forced expiratory volume decreased,7
hypertonic bladder,7
fibula fracture,7
embolism venous,7
suspected covid19,7
sneezing,7
iatrogenic injury,7
hypovolaemic shock,7
sinus pain,7
eye infection,7
concomitant disease aggravated,7
peptic ulcer,7
febrile neutropenia,7
decubitus ulcer,7
application site pain,7
eosinophilic pustular folliculitis,7
pancreatic failure,7
menopausal symptoms,7
aortic valve disease,7
haemothorax,7
central nervous system lesion,7
portal vein cavernous transformation,7
hyperaesthesia teeth,7
alcohol withdrawal syndrome,7
cyp3a4 polymorphism,7
penile pain,7
illogical thinking,7
abdominal tenderness,7
balanoposthitis,7
echolalia,7
auditory disorder,7
hepatomegaly,7
kidney infection,7
blood testosterone decreased,7
cholangiocarcinoma,7
portal hypertension,7
cholinergic syndrome,7
rhinitis allergic,7
pleural disorder,7
pharyngeal enanthema,7
bone marrow oedema,6
organic erectile dysfunction,6
left ventricular failure,6
bladder spasm,6
asthmachronic obstructive pulmonary disease overlap syndrome,6
dyschezia,6
renal function test abnormal,6
product supply issue,6
enterocolitis,6
abnormal sensation in eye,6
presbyacusis,6
macroglossia,6
insulin resistance,6
immunodeficiency,6
systemic mastocytosis,6
eclampsia,6
nonspecific reaction,6
peripheral vascular disorder,6
binge drinking,6
hepatic cirrhosis,6
nail disorder,6
lung consolidation,6
adrenal insufficiency,6
mucous stools,6
barretts oesophagus,6
mental fatigue,6
left ventricular hypertrophy,6
oesophageal ulcer,6
electrocardiogram st segment elevation,6
hallucination tactile,6
device breakage,6
pathological fracture,6
psychotic disorder due to a general medical condition,6
skin dystrophy,6
hallucination synaesthetic,6
blood test abnormal,6
aneurysm,6
labelled drugfood interaction issue,6
drug use disorder,6
escherichia sepsis,6
guillainbarre syndrome,6
injection site swelling,6
abscess oral,6
corneal neovascularisation,6
myelopathy,6
psychosexual disorder,6
dementia with lewy bodies,6
coagulation factor vii level decreased,6
malignant melanoma,6
menopausal disorder,6
shoulder operation,6
infarction,6
myasthenia gravis,6
telangiectasia,6
eye inflammation,6
autism spectrum disorder,6
eyelid function disorder,6
intracranial aneurysm,6
male reproductive tract disorder,6
muscle disorder,6
blepharitis,6
myocardial ischaemia,6
lip ulceration,6
gestational hypertension,6
food allergy,6
vulvovaginal mycotic infection,6
hypercalcaemia,6
epigastric discomfort,6
cold urticaria,6
optic ischaemic neuropathy,6
dumping syndrome,6
judgement impaired,6
tonsillitis,6
wrong patient received product,6
genitopelvic painpenetration disorder,6
lung infection,6
nose deformity,6
mixed dementia,6
blood creatine increased,6
cold type haemolytic anaemia,6
drug metabolising enzyme decreased,6
hydrocephalus,6
suffocation feeling,6
onychalgia,6
eosinophilic pneumonia chronic,6
carcinoid syndrome,6
gluten sensitivity,6
retinopathy,6
wound,6
arteriosclerosis,6
total lung capacity increased,6
handeye coordination impaired,6
hordeolum,6
anal infection,6
cutaneous lymphoma,6
mucous membrane disorder,6
dawn phenomenon,6
nerve compression,6
puerperal pyrexia,6
peripheral arterial occlusive disease,6
gastritis erosive,6
vascular pseudoaneurysm,6
menometrorrhagia,6
faeces pale,6
extradural haematoma,6
amimia,6
cholangitis,6
antiphospholipid antibodies,6
fat tissue increased,6
renal tubular necrosis,6
eye oedema,6
product counterfeit,6
oedematous pancreatitis,6
abscess,6
spinal pain,6
monoplegia,6
joint effusion,6
idiosyncratic drug reaction,6
meniscus injury,6
mental disability,6
quadriparesis,6
withdrawal hypertension,6
normocytic anaemia,6
polycythaemia,6
tooth disorder,6
drug level below therapeutic,6
antineutrophil cytoplasmic antibody positive,6
compulsive sexual behaviour,6
gastric polyps,6
cerebral venous thrombosis,6
carotid artery stenosis,6
flight of ideas,6
medication residue present,6
post procedural haemorrhage,6
opiates positive,6
right ventricular dilatation,6
creutzfeldtjakob disease,6
hip surgery,6
eustachian tube dysfunction,6
choreoathetosis,6
hypocoagulable state,6
hypersensitivity vasculitis,6
borderline personality disorder,6
goitre,6
iodine allergy,6
pulmonary valve incompetence,6
merycism,6
intracranial meningioma malignant,6
endolymphatic hydrops,5
delusional disorder unspecified type,5
oral mucosa erosion,5
paralogism,5
anaesthesia,5
body mass index decreased,5
macule,5
learning disorder,5
hepatorenal syndrome,5
hyponatraemic seizure,5
fearrelated avoidance of activities,5
polycystic ovaries,5
systemic candida,5
tooth infection,5
genital paraesthesia,5
nicotine dependence,5
facial bones fracture,5
urine output increased,5
otorrhoea,5
electroencephalogram abnormal,5
retained products of conception,5
restless arm syndrome,5
exfoliative rash,5
electrocardiogram repolarisation abnormality,5
stress urinary incontinence,5
neuroendocrine carcinoma,5
rales,5
cerebellar infarction,5
substance use disorder,5
sarscov2 test positive,5
drug administration error,5
chronic fatigue syndrome,5
penile size reduced,5
performance status decreased,5
polydipsia psychogenic,5
discouragement,5
sputum discoloured,5
skin odour abnormal,5
clear cell renal cell carcinoma,5
amyotrophic lateral sclerosis,5
red blood cell sedimentation rate increased,5
joint space narrowing,5
hydronephrosis,5
tooth injury,5
papule,5
hepatitis c,5
heart disease congenital,5
lack of satiety,5
dental caries,5
muscle haemorrhage,5
skin atrophy,5
madarosis,5
nikolskys sign,5
pneumonia mycoplasmal,5
phimosis,5
pustule,5
plasmodium vivax infection,5
vein disorder,5
duodenal ulcer,5
hyperlipasaemia,5
occipital neuralgia,5
drug tolerance decreased,5
defaecation urgency,5
unintended pregnancy,5
tongue discomfort,5
pulmonary congestion,5
congestive hepatopathy,5
erythema nodosum,5
incorrect dose administered by device,5
pancreatic carcinoma,5
dermatitis acneiform,5
skin warm,5
device dislocation,5
malnutrition,5
transaminases abnormal,5
gastric hypomotility,5
haemorrhoidal haemorrhage,5
jealous delusion,5
loss of dreaming,5
rebound psychosis,5
cytotoxic oedema,5
time perception altered,5
hyposmia,5
obsessivecompulsive personality disorder,5
antiactin antibody positive,5
muscle atrophy,5
synovitis,5
osteonecrosis,5
bone marrow disorder,5
muscle fatigue,5
consciousness fluctuating,5
ovarian cancer,5
hypovitaminosis,5
job dissatisfaction,5
breast cancer female,5
bronchial haemorrhage,5
laryngeal oedema,5
monocyte count increased,5
semen liquefaction,5
antineutrophil cytoplasmic antibody positive vasculitis,5
cerebrovascular disorder,5
infective exacerbation of chronic obstructive airways disease,5
small intestinal obstruction,5
parotitis,5
csws syndrome,5
penis disorder,5
mucosal ulceration,5
sinonasal obstruction,5
sinus arrest,5
regurgitation,5
opsoclonus myoclonus,5
rehabilitation therapy,5
brief psychotic disorder with marked stressors,5
systolic dysfunction,5
proctitis,5
laryngeal disorder,5
diet failure,5
abortion,5
pseudodementia,5
negativism,5
spontaneous haematoma,5
urosepsis,5
sensitivity of teeth,5
nasal pruritus,5
facial spasm,5
dysentery,5
tachyarrhythmia,5
intercepted product selection error,5
addisons disease,5
visual snow syndrome,5
gingival pain,5
pulmonary contusion,5
device dispensing error,5
neurosarcoidosis,5
breath sounds abnormal,5
flank pain,5
gingivitis,5
change of bowel habit,5
spinal compression fracture,5
aortic aneurysm,5
carcinoembryonic antigen increased,5
eye discharge,5
pulmonary mass,5
klebsiella infection,5
cerebral atrophy,5
incorrect dosage administered,5
skin wrinkling,5
ventricular failure,5
electrocardiogram t wave inversion,5
lacunar infarction,4
single umbilical artery,4
glossitis,4
tongue spasm,4
blood catecholamines increased,4
metastases to bone,4
prostatitis,4
trichorrhexis,4
skull fracture,4
weight abnormal,4
histamine level increased,4
neoplasm progression,4
toxic cardiomyopathy,4
blood iron decreased,4
intentional underdose,4
staphylococcal infection,4
trichotillomania,4
gastric ulcer perforation,4
platelet count abnormal,4
foetal alcohol syndrome,4
grimacing,4
myelosuppression,4
lip erosion,4
eosinophilic colitis,4
peritoneal haemorrhage,4
fear of eating,4
drug abuser,4
nocturnal dyspnoea,4
adjustment disorder with depressed mood,4
macular hole,4
body temperature abnormal,4
mean cell haemoglobin decreased,4
end stage renal disease,4
dyslexia,4
postacute covid19 syndrome,4
primary progressive multiple sclerosis,4
periarthritis,4
oxygen saturation abnormal,4
dreamy state,4
breathingrelated sleep disorder,4
product quality control issue,4
seasonal affective disorder,4
onychomycosis,4
cephalopelvic disproportion,4
cutaneous symptom,4
circadian rhythm sleep disorder,4
endophthalmitis,4
application site pruritus,4
hyponatraemic encephalopathy,4
basilar artery occlusion,4
accident at work,4
breast prosthesis user,4
wheelchair user,4
axonal neuropathy,4
tissue infiltration,4
ileus paralytic,4
spontaneous penile erection,4
diarrhoea haemorrhagic,4
intestinal dilatation,4
iris hyperpigmentation,4
granulocytopenia,4
internal haemorrhage,4
serum ferritin increased,4
neurogenic bladder,4
cyp2d6 polymorphism,4
pancreatitis necrotising,4
amniotic fluid volume increased,4
acute myopia,4
application site urticaria,4
anorexia nervosa,4
breast cancer recurrent,4
radius fracture,4
blood immunoglobulin g decreased,4
anosognosia,4
peripheral artery thrombosis,4
periorbital swelling,4
respiratory rate decreased,4
multimorbidity,4
muscle rupture,4
electrocardiogram change,4
penile discomfort,4
choroidal effusion,4
ligament rupture,4
seasonal allergy,4
infusion site pain,4
dermatitis bullous,4
bladder cancer stage iv,4
retinal haemorrhage,4
infection susceptibility increased,4
arterial occlusive disease,4
hyperlactacidaemia,4
pulmonary hypertension,4
subchorionic haematoma,4
cyanosis central,4
partner stress,4
hypopyon,4
cholestasis of pregnancy,4
angiopathy,4
corneal oedema,4
protein total decreased,4
product measured potency issue,4
oral pruritus,4
antipsychotic drug level below therapeutic,4
cardiac failure chronic,4
schizoaffective disorder bipolar type,4
physical deconditioning,4
diabetic hyperosmolar coma,4
pulmonary pain,4
phlebitis superficial,4
radial nerve palsy,4
genital blister,4
product lot number issue,4
thyroid cancer,4
gallbladder disorder,4
microvascular coronary artery disease,4
central nervous system vasculitis,4
cystitis interstitial,4
hepatocellular carcinoma,4
nosocomial infection,4
hypopituitarism,4
intestinal perforation,4
alcoholic hangover,4
spinal osteoarthritis,4
hirsutism,4
anticoagulation drug level above therapeutic,4
tongue abscess,4
genital pain,4
high density lipoprotein increased,4
choluria,4
product size issue,4
peripheral venous disease,4
eosinophilic pleural effusion,4
faeces hard,4
keratitis,4
glassy eyes,4
painful ejaculation,4
pneumonia bacterial,4
syringe issue,4
lipoedema,4
loose associations,4
hepatic necrosis,4
blood magnesium decreased,4
patient isolation,4
bowel movement irregularity,4
skin tightness,4
infectious mononucleosis,4
musculoskeletal disorder,4
anisocoria,4
vitritis,4
leukocyturia,4
sexual activity increased,4
somatic symptom disorder of pregnancy,4
bulimia nervosa,4
arterial stenosis,4
body temperature fluctuation,4
clinomania,4
renal injury,4
hyperammonaemic encephalopathy,4
essential tremor,4
apparent death,4
nephropathy,4
blood glucose fluctuation,4
waist circumference increased,4
hypertensive encephalopathy,4
lack of spontaneous speech,4
impaired reasoning,4
product coating issue,4
appendicitis perforated,4
pharyngeal oedema,4
cytokine release syndrome,4
faecal vomiting,4
product container issue,4
aspartate aminotransferase abnormal,4
hypoosmolar state,4
orthostatic hypertension,4
abortion missed,4
grip strength decreased,4
lip blister,4
foreign body aspiration,4
creatinine renal clearance decreased,4
intestinal ulcer,4
cyst,4
sinus node dysfunction,4
spinal fusion surgery,4
counterfeit product administered,4
abdominoplasty,4
theft,4
joint range of motion decreased,4
gingival recession,4
lacunar stroke,4
joint noise,4
female sexual arousal disorder,4
diabetic neuropathy,4
injection site mass,4
intestinal stenosis,4
urine sodium abnormal,4
spontaneous haemorrhage,4
postmortem blood drug level abnormal,4
central nervous system stimulation,4
application site hypersensitivity,4
benzodiazepine drug level increased,4
retinal pigmentation,4
anxiety disorder due to a general medical condition,4
bone marrow toxicity,4
breath odour,4
immune effector cellassociated neurotoxicity syndrome,4
premature menopause,4
humerus fracture,4
dark circles under eyes,4
blood urea decreased,4
underweight,4
morning sickness,4
atonic seizures,4
thought blocking,4
application site irritation,4
vascular pain,4
application site rash,4
chest wall haematoma,4
autoimmune haemolytic anaemia,4
psychological trauma,4
intensive care,4
spasmodic dysphonia,4
body dysmorphic disorder,4
wernickes encephalopathy,4
prothrombin time ratio decreased,4
hellp syndrome,4
gingival swelling,4
duodenal ulcer haemorrhage,4
mastitis,4
tongue haemorrhage,4
selective eating disorder,4
paranasal sinus hypersecretion,4
bile duct stone,4
binocular eye movement disorder,4
suspected product tampering,4
mesenteric panniculitis,4
lip injury,4
hidradenitis,4
suppressed lactation,4
lumbar vertebral fracture,4
sciatic nerve neuropathy,4
product used for unknown indication,4
mucosal haemorrhage,4
prostatomegaly,4
electrocardiogram st segment depression,4
lichenoid keratosis,4
gastric bypass,4
chondrocalcinosis pyrophosphate,4
lactobacillus infection,3
streptococcal infection,3
blood bicarbonate decreased,3
pneumothorax,3
coronary artery dissection,3
clostridium difficile colitis,3
uterine irritability,3
carbohydrate antigen 153 increased,3
nonhodgkins lymphoma,3
vaginal prolapse,3
dandruff,3
thermal burns of eye,3
jaw clicking,3
clostridium colitis,3
wrong dosage formulation,3
gastroenteritis viral,3
homeless,3
urinary tract infection pseudomonal,3
adenocarcinoma,3
haemangioma,3
seborrhoeic dermatitis,3
orthostatic tremor,3
multiple injuries,3
fungal disease carrier,3
discharge,3
alveolitis,3
joint lock,3
cyclic vomiting syndrome,3
lip disorder,3
crepitations,3
paresis,3
tongue discolouration,3
parkinsonian gait,3
lipids increased,3
extensor plantar response,3
haemodialysis,3
speech sound disorder,3
product dosage form issue,3
pseudomonal sepsis,3
infusion site erythema,3
meningitis,3
pneumothorax spontaneous,3
postictal paralysis,3
wound infection,3
electrocardiogram qrs complex shortened,3
thyroid hormones increased,3
arterial thrombosis,3
lip erythema,3
alanine aminotransferase abnormal,3
autophobia,3
anal fissure haemorrhage,3
abdominal infection,3
gingival disorder,3
retrograde amnesia,3
terminal state,3
product appearance confusion,3
liver abscess,3
hyperchlorhydria,3
cytopenia,3
impaired selfcare,3
fear of disease,3
extremity contracture,3
vasoconstriction,3
body height increased,3
alcoholic psychosis,3
calculus bladder,3
conjunctival haemorrhage,3
hypogeusia,3
perirenal haematoma,3
cholecystitis acute,3
vulvovaginal discomfort,3
erythema of eyelid,3
disease complication,3
renal cancer,3
dyssomnia,3
asthmatic crisis,3
cerebral thrombosis,3
blood albumin decreased,3
blood pressure systolic abnormal,3
blood creatinine abnormal,3
diabetic retinopathy,3
peyronies disease,3
peripheral sensory neuropathy,3
exercise lack of,3
tonsillar ulcer,3
generalised erythema,3
reflux gastritis,3
bronchomalacia,3
yellow skin,3
hearing disability,3
sjogrens syndrome,3
phlebitis,3
lip pruritus,3
learning disability,3
hypertelorism of orbit,3
skin hypertrophy,3
tendon pain,3
antiphospholipid syndrome,3
gastrointestinal inflammation,3
failure to thrive,3
glucocorticoid deficiency,3
ileus,3
haemorrhagic disorder,3
therapeutic agentdiagnostic test interaction,3
pupillary deformity,3
adjustment disorder,3
pulmonary sarcoidosis,3
pustular psoriasis,3
hypertensive heart disease,3
carotid artery aneurysm,3
intestinal villi atrophy,3
acute phase reaction,3
human chorionic gonadotropin positive,3
athetosis,3
drop attacks,3
visceral congestion,3
hepatitis viral,3
cardiac ventricular thrombosis,3
orthopnoea,3
hypohidrosis,3
international normalised ratio abnormal,3
dysdiadochokinesis,3
product packaging issue,3
sensation of blood flow,3
intervertebral disc disorder,3
obstructive pancreatitis,3
vaginal disorder,3
vulvovaginal pain,3
product shape issue,3
large intestinal obstruction,3
blood creatinine decreased,3
mechanical urticaria,3
obsessive rumination,3
divorced,3
cystic fibrosis,3
multipledrug resistance,3
skin sensitisation,3
smoke sensitivity,3
product commingling,3
analgesic drug level increased,3
cardiac dysfunction,3
paramnesia,3
renal artery stenosis,3
erythrodermic psoriasis,3
myopia,3
cerebral artery stenosis,3
systolic hypertension,3
muscle swelling,3
eyelid rash,3
abdominal rigidity,3
neuroglycopenia,3
anaplastic large cell lymphoma t and nullcell types stage iv,3
diet refusal,3
drug level changed,3
nasal oedema,3
weaning failure,3
myocardial necrosis marker increased,3
substance use,3
electrocardiogram stt segment abnormal,3
mitochondrial cytopathy,3
traumatic haemothorax,3
visual acuity reduced transiently,3
haemochromatosis,3
facial nerve disorder,3
compression fracture,3
oropharyngeal spasm,3
waxy flexibility,3
suspected suicide,3
eosinophilic oesophagitis,3
orthopaedic procedure,3
asterixis,3
blood calcium increased,3
thyroid hormones decreased,3
neurotransmitter level altered,3
uterine haemorrhage,3
arterial disorder,3
klebsiella bacteraemia,3
manic symptom,3
dissociative amnesia,3
intermittent explosive disorder,3
ocular icterus,3
radiculopathy,3
strabismus,3
localised oedema,3
nocturnal fear,3
device adhesion issue,3
adhesive tape use,3
device difficult to use,3
eye operation,3
animal bite,3
skin cancer,3
delusional disorder erotomanic type,3
lymphoid tissue hyperplasia,3
sarscov2 viraemia,3
traumatic haemorrhage,3
postpartum haemorrhage,3
oesophageal hypomotility,3
thalamic infarction,3
blood creatine phosphokinase mb increased,3
raynauds phenomenon,3
laboratory test abnormal,3
serum serotonin decreased,3
skull fractured base,3
dilated cardiomyopathy,3
product dispensing issue,3
spinal disorder,3
gastric ph decreased,3
oesophageal operation,3
bradyarrhythmia,3
hearing aid user,3
intention tremor,3
rheumatic disorder,3
oesophageal irritation,3
exostosis,3
selfinduced vomiting,3
biliary obstruction,3
oropharyngeal blistering,3
contraindicated product prescribed,3
costochondritis,3
stool analysis abnormal,3
thrombotic thrombocytopenic purpura,3
product contamination physical,3
arrhythmic storm,3
heart rate,3
water intoxication,3
incorrect route of drug administration,3
vitamin b complex deficiency,3
blood folate decreased,3
metastasis,3
liver transplant,3
immobilisation prolonged,3
pulmonary granuloma,3
intraabdominal haemorrhage,3
cytomegalovirus viraemia,3
product physical consistency issue,3
product contamination,3
induced labour,3
intestinal ischaemia,3
blood cholesterol abnormal,3
brash syndrome,3
pelvic haematoma,3
infusion site extravasation,3
hyperinsulinaemic hypoglycaemia,3
blood cholesterol decreased,3
hypoalbuminaemia,3
limb operation,3
gastric lavage,3
gastroduodenal haemorrhage,3
hypoproteinaemia,3
prostatic specific antigen increased,3
mammoplasty,3
prostatic pain,3
hypoperfusion,3
escherichia urinary tract infection,3
mean cell haemoglobin concentration decreased,3
hemiparaesthesia,3
intestinal intraepithelial lymphocytes increased,3
deposit eye,3
vitiligo,3
lumbar spinal stenosis,3
neck injury,3
blood chloride decreased,3
inguinal hernia,3
febrile bone marrow aplasia,3
cataract operation,3
normal newborn,3
lymphoma,3
live birth,3
tooth demineralisation,3
varicose vein,3
malaria,3
altered visual depth perception,3
genital disorder,3
lyme disease,3
hyperinsulinaemia,3
reflexes abnormal,3
pleuritic pain,3
gastric operation,3
urine odour abnormal,3
acute myeloid leukaemia,3
drug effect increased,3
serum ferritin decreased,3
parasomnia,3
pituitary tumour benign,3
tooth discolouration,3
thirst decreased,3
tongue thrust,3
bone density decreased,3
mood disorder due to a general medical condition,3
osteonecrosis of jaw,3
genital atrophy,3
female sterilisation,3
chemotherapy,3
alcohol problem,3
respiratory tract congestion,3
device leakage,3
bladder injury,3
postprandial hypoglycaemia,3
acute lung injury,3
haemorrhoids thrombosed,3
corneal deposits,3
conjunctival erosion,3
shoulder arthroplasty,3
poor personal hygiene,3
pseudomonas infection,3
lithiasis,3
genital erosion,3
hyperplasia,3
thrombotic microangiopathy,3
polyglandular autoimmune syndrome type ii,3
sinus disorder,3
postmortem blood drug level increased,3
personal relationship issue,3
peripheral circulatory failure,3
compulsive hoarding,3
type 1 diabetes mellitus,3
pulmonary arterial pressure increased,3
mucosal erosion,3
product substitution,3
pancreatitis chronic,2
hepatic lesion,2
red cell distribution width increased,2
chapped lips,2
pickwickian syndrome,2
lower motor neurone lesion,2
complication of pregnancy,2
antinuclear antibody positive,2
gallbladder operation,2
carcinoid tumour pulmonary,2
multiorgan disorder,2
cerebral cyst,2
trigeminal neuralgia,2
meningism,2
open angle glaucoma,2
drug prescribing error,2
paranoid personality disorder,2
middle ear effusion,2
lip scab,2
retinal degeneration,2
vasodilatation,2
lhermittes sign,2
renal tubular atrophy,2
skin ulcer,2
kidney fibrosis,2
glomerulonephritis minimal lesion,2
xeroderma,2
gastrointestinal oedema,2
burn oesophageal,2
otolithiasis,2
peripheral ischaemia,2
device occlusion,2
deafness bilateral,2
abdominal wall disorder,2
plasma cell myeloma,2
piloerection,2
dependent personality disorder,2
antidiuretic hormone abnormality,2
renal artery thrombosis,2
urinary tract infection bacterial,2
irregular breathing,2
joint hyperextension,2
multivitamin deficiency,2
haemorrhage urinary tract,2
tumour haemorrhage,2
urine sodium increased,2
foreign body in respiratory tract,2
nasal mucosal blistering,2
neuromyopathy,2
prostatic disorder,2
vein collapse,2
macular degeneration,2
neglect of personal appearance,2
pupillary reflex impaired,2
capillary fragility,2
injection site induration,2
trichoglossia,2
plicated tongue,2
chondrocalcinosis,2
preterm premature rupture of membranes,2
nodal arrhythmia,2
femoral pulse decreased,2
vital functions abnormal,2
perfume sensitivity,2
phobia of driving,2
tricuspid valve thickening,2
mitral valve thickening,2
abdominal symptom,2
electrocardiogram p wave abnormal,2
recalled product administered,2
aortic valve thickening,2
skin laxity,2
anaesthetic complication pulmonary,2
normetanephrine urine increased,2
secondary adrenocortical insufficiency,2
lipase abnormal,2
amylase abnormal,2
paranasal cyst,2
left ventricular dilatation,2
chronic myeloid leukaemia,2
skin indentation,2
device delivery system issue,2
central obesity,2
iridocyclitis,2
dyslalia,2
micrographia,2
cerebellar ataxia,2
vascular graft,2
neurological examination abnormal,2
lung lobectomy,2
right ventricular dysfunction,2
laziness,2
chronic hepatitis,2
bile acid malabsorption,2
clitoral engorgement,2
brain compression,2
renal tubular injury,2
arterial spasm,2
gender dysphoria,2
breakthrough covid19,2
dilatation ventricular,2
cellulitis staphylococcal,2
bells palsy,2
tachyphylaxis,2
meningitis listeria,2
urethral stenosis,2
medical device site rash,2
bankruptcy,2
cardiac operation,2
female reproductive tract disorder,2
covid19 pneumonia,2
forearm fracture,2
skin mass,2
haemolysis,2
intellectual disability,2
paraplegia,2
product after taste,2
joint ankylosis,2
failure to suspend medication,2
hemihypoaesthesia,2
coronary artery occlusion,2
perinephric oedema,2
defaecation disorder,2
device use issue,2
testicular oedema,2
amyloidosis,2
urge incontinence,2
breast conserving surgery,2
skin erosion,2
umbilical hernia,2
vagus nerve disorder,2
lymph node pain,2
gastrointestinal malformation,2
spinal column stenosis,2
periodontitis,2
histiocytosis,2
natural killer cell activity decreased,2
foot operation,2
nasal ulcer,2
fear of falling,2
belligerence,2
gingival oedema,2
vibratory sense increased,2
coagulation time prolonged,2
pituitary cyst,2
hypoglycaemic unconsciousness,2
hypoglycaemic encephalopathy,2
atrial septal defect,2
application site swelling,2
throat lesion,2
electrocardiogram qrs complex,2
lip exfoliation,2
haematocrit increased,2
vitreous detachment,2
emergency care,2
impaired healing,2
manufacturing production issue,2
rectal polyp,2
jugular vein thrombosis,2
legal problem,2
tongue coated,2
primary biliary cholangitis,2
ammonia increased,2
gastrointestinal bacterial overgrowth,2
type i hypersensitivity,2
renal tubular acidosis,2
platelet dysfunction,2
volume blood decreased,2
adrenocortical insufficiency acute,2
intraabdominal haematoma,2
white blood cell disorder,2
secondary hypertension,2
microangiopathic haemolytic anaemia,2
neoplasm skin,2
irregular sleep phase,2
immobile,2
blue toe syndrome,2
complex regional pain syndrome,2
alcohol intolerance,2
wrong drug administered,2
coma hepatic,2
walking disability,2
hepatitis infectious mononucleosis,2
brain stem haematoma,2
factitious disorder,2
wandering pacemaker,2
prosopagnosia,2
catheterisation cardiac,2
exploding head syndrome,2
metal poisoning,2
metabolic syndrome,2
hypoprolactinaemia,2
respiratory dyskinesia,2
antitransglutaminase antibody,2
change in sustained attention,2
subretinal fluid,2
nasal discharge discolouration,2
cachexia,2
sperm concentration decreased,2
self esteem inflated,2
application site discolouration,2
central sleep apnoea syndrome,2
product distribution issue,2
drug dispensing error,2
brain natriuretic peptide increased,2
vaginal infection,2
family stress,2
long qt syndrome congenital,2
scleroderma renal crisis,2
dermatitis exfoliative,2
nasal abscess,2
epileptic aura,2
ophthalmic herpes zoster,2
burns second degree,2
scoliosis,2
application site vesicles,2
application site inflammation,2
basal cell carcinoma,2
burns third degree,2
platelet function test abnormal,2
gastrointestinal ulcer,2
foot deformity,2
bacterial infection,2
anticonvulsant drug level above therapeutic,2
intracranial haematoma,2
laceration,2
cataract traumatic,2
aura,2
basedows disease,2
glare,2
cranial operation,2
groin pain,2
maternal exposure timing unspecified,2
anorectal operation,2
derailment,2
anaphylactoid reaction,2
bladder cancer recurrent,2
laryngeal stenosis,2
burn oral cavity,2
tracheal disorder,2
halo vision,2
lack of injection site rotation,2
hepatitis b reactivation,2
blindness unilateral,2
metanephrine urine increased,2
salt craving,2
pulmonary thrombosis,2
orthosis user,2
tuberculosis,2
gastric dilatation,2
hair colour changes,2
hair disorder,2
product leakage,2
thymus disorder,2
nuclear magnetic resonance imaging brain abnormal,2
microcytosis,2
hypochromic anaemia,2
cerebral palsy,2
tracheostomy,2
injection site erythema,2
pulmonary haemorrhage,2
scab,2
pneumococcal sepsis,2
heat exhaustion,2
steatohepatitis,2
nail dystrophy,2
type v hyperlipidaemia,2
anaemia vitamin b12 deficiency,2
drug metabolising enzyme test abnormal,2
neurodegenerative disorder,2
faeces soft,2
urine amphetamine positive,2
vocal cord disorder,2
lung neoplasm,2
bladder discomfort,2
maternal exposure during delivery,2
spinal subdural haematoma,2
righttoleft cardiac shunt,2
arachnoid cyst,2
coronavirus test positive,2
inflammatory bowel disease,2
ulcer haemorrhage,2
dissociative identity disorder,2
ototoxicity,2
clavicle fracture,2
brief psychotic disorder with postpartum onset,2
eye contusion,2
epicondylitis,2
immunisation,2
myeloma cast nephropathy,2
hypervitaminosis a,2
cardiac pacemaker insertion,2
hypermetropia,2
paraphilia,2
synovial cyst,2
skin striae,2
proctitis ulcerative,2
ideas of reference,2
saliva altered,2
developmental regression,2
adrenergic syndrome,2
peripheral nerve injury,2
sickle cell anaemia with crisis,2
bone loss,2
tooth extraction,2
hepatitis b,2
hepatitis a,2
hiv infection,2
colour blindness,2
alpha haemolytic streptococcal infection,2
spinal cord injury,2
gingival abscess,2
injury associated with device,2
enterobacter pneumonia,2
intestinal resection,2
stiff tongue,2
metabolic surgery,2
sexually transmitted disease,2
product communication issue,2
white blood cell count abnormal,2
haemoglobin abnormal,2
pregnancy of partner,2
creactive protein abnormal,2
alveolitis allergic,2
blood ph decreased,2
pulmonary infarction,2
hyperleukocytosis,2
antigad antibody positive,2
nutritional condition abnormal,2
ventricular hyperkinesia,2
meniscus cyst,2
acquired amegakaryocytic thrombocytopenia,2
symphysiolysis,2
otitis media,2
syphilis,2
delusion of parasitosis,2
discoloured vomit,2
grief reaction,2
sacral pain,2
haemorrhoid operation,2
diet noncompliance,2
venous pressure jugular decreased,2
refraction disorder,2
foreign body sensation in eyes,2
norovirus infection,2
hand fracture,2
lactation puerperal increased,2
eyelid haematoma,2
post concussion syndrome,2
walking aid user,2
lymphadenitis,2
lung infiltration,2
intentional misuse of drug delivery system,2
pseudomyopia,2
myelitis,2
corneal scar,2
educational problem,2
lockedin syndrome,2
oral mucosal eruption,2
semen viscosity decreased,2
typhoid fever,2
hydrothorax,2
device related infection,2
diplegia,2
haemoglobin increased,2
gait deviation,2
paranasal sinus discomfort,2
cor pulmonale acute,2
injection site reaction,2
rectal spasm,2
blindness day,2
ear congestion,2
anal cancer,2
lymphocyte percentage decreased,2
cerebellar atrophy,2
brain stem syndrome,2
tongue eruption,2
drug effect faster than expected,2
antidepressant drug level below therapeutic,2
substance dependence,2
traumatic haematoma,2
narrow anterior chamber angle,2
myoglobinuria,2
tongue paralysis,2
red blood cell count increased,2
intraocular pressure decreased,2
osteopenia,2
palmoplantar pustulosis,2
cardiac amyloidosis,2
pericarditis,2
intracardiac thrombus,2
tongue blistering,2
prerenal failure,2
neutrophil percentage increased,2
abscess limb,2
chondropathy,2
histrionic personality disorder,2
amphetamines positive,2
brain contusion,2
ear swelling,2
pityriasis rosea,2
amyloid arthropathy,2
pharyngeal disorder,2
monoparesis,2
cellulite,2
pruritus allergic,2
cytomegalovirus infection reactivation,2
poor milk ejection reflex,2
retinal scar,2
suprapubic pain,2
irregular sleep wake rhythm disorder,2
drug exposure before pregnancy,2
blood fibrinogen increased,2
cytomegalovirus chorioretinitis,2
pneumonia cytomegaloviral,2
urticaria chronic,2
neurologic neglect syndrome,2
beckers muscular dystrophy,1
scar pain,1
abdominal adhesions,1
abscess intestinal,1
nipple pain,1
eye symptom,1
internal hernia,1
tongue dry,1
acquired macroglossia,1
malpositioned teeth,1
single photon emission computerised tomogram abnormal,1
gastrointestinal angiodysplasia,1
fluid imbalance,1
meningitis pneumococcal,1
prostate cancer metastatic,1
salivary duct obstruction,1
malignant dysphagia,1
temporal lobe epilepsy,1
injection site abscess,1
oculomucocutaneous syndrome,1
cyclothymic disorder,1
variant creutzfeldtjakob disease,1
blood phosphorus decreased,1
thyroid neoplasm,1
white blood cells urine,1
stent removal,1
localised infection,1
upperairway cough syndrome,1
fourniers gangrene,1
gingival discomfort,1
glucose tolerance impaired,1
compulsive handwashing,1
polyp,1
respiratory alkalosis,1
plasmapheresis,1
increased upper airway secretion,1
eye colour change,1
oesophageal disorder,1
overconfidence,1
bite,1
claustrophobia,1
postoperative wound infection,1
cryoglobulinaemia,1
optic neuropathy,1
extremity necrosis,1
peripheral artery occlusion,1
microsleep,1
bladder catheterisation,1
large intestine polyp,1
dolichocolon,1
angina unstable,1
blood count abnormal,1
dengue haemorrhagic fever,1
thyroidectomy,1
accidental underdose,1
brain hypoxia,1
sensitivity to weather change,1
small cell lung cancer,1
cardiac valve sclerosis,1
hypotonic urinary bladder,1
congenital thrombocyte disorder,1
meiges syndrome,1
ankylosing spondylitis,1
pneumocystis jirovecii pneumonia,1
abortion induced,1
tympanic membrane disorder,1
cerebellar ischaemia,1
spinal ligament ossification,1
papilloma,1
histiocytic necrotising lymphadenitis,1
hemianopia,1
laboratory test interference,1
bronchitis chronic,1
continuous haemodiafiltration,1
electroconvulsive therapy,1
bacteraemia,1
recurrent cancer,1
hyperexplexia,1
confusional arousal,1
semen viscosity abnormal,1
neck mass,1
solar dermatitis,1
drug effect delayed,1
astigmatism,1
carbon dioxide increased,1
arthritis bacterial,1
amenorrhoeagalactorrhoea syndrome,1
type iia hyperlipidaemia,1
blood alkaline phosphatase abnormal,1
vasculitis necrotising,1
manufacturing process control procedure issue,1
hypersensitivity myocarditis,1
illiteracy,1
progesterone decreased,1
conjunctival scar,1
bone marrow oedema syndrome,1
antiphospholipid antibodies positive,1
documented hypersensitivity to administered product,1
norepinephrine increased,1
ischaemic enteritis,1
gastrointestinal obstruction,1
granulomatous liver disease,1
gastrointestinal necrosis,1
poikiloderma,1
vitamin b6 increased,1
breast atrophy,1
loss of bladder sensation,1
acute hepatitis c,1
distichiasis,1
protein urine present,1
neoplasm prostate,1
white matter lesion,1
adrenomegaly,1
intraocular pressure test abnormal,1
mineral deficiency,1
threat of redundancy,1
repetitive speech,1
vitamin b6,1
hypoaesthesia eye,1
cardioactive drug level decreased,1
apnoeic attack,1
blood osmolarity increased,1
cows milk intolerance,1
inner ear inflammation,1
suspected product contamination,1
myxoedema coma,1
hyper ige syndrome,1
restrictive pulmonary disease,1
diverticulum intestinal haemorrhagic,1
tibia fracture,1
social fear,1
gastric cancer,1
schizoaffective disorder depressive type,1
cortisol increased,1
extraocular muscle paresis,1
sialoadenitis,1
blood corticotrophin increased,1
membrane stabilising effect,1
trifascicular block,1
foreign body in eye,1
locomotive syndrome,1
antidepressant drug level decreased,1
urine analysis abnormal,1
full blood count decreased,1
paraesthesia mucosal,1
white coat hypertension,1
conjunctivitis allergic,1
folliculitis,1
prosthesis user,1
facial neuralgia,1
breast implantassociated anaplastic large cell lymphoma,1
seizure anoxic,1
sciatic nerve injury,1
serum sickness,1
blood prolactin decreased,1
sense of oppression,1
victim of homicide,1
staphylococcal scalded skin syndrome,1
ovarian cancer recurrent,1
bifascicular block,1
lower urinary tract symptoms,1
skin hypopigmentation,1
blood uric acid abnormal,1
breast engorgement,1
liver tenderness,1
skin texture abnormal,1
urine osmolarity decreased,1
visuospatial deficit,1
fear of closed spaces,1
monocyte percentage increased,1
scleroderma,1
injection site bruising,1
wound complication,1
glossopharyngeal nerve disorder,1
otitis media chronic,1
tongue dysplasia,1
blood phosphorus increased,1
perseveration,1
pneumomediastinum,1
palatal swelling,1
urticaria papular,1
fungaemia,1
discontinued product administered,1
granulocytosis,1
eosinophilic cellulitis,1
infusion site induration,1
retinal oedema,1
abdominal hernia,1
onychophagia,1
arthritis infective,1
encephalitis autoimmune,1
embolic stroke,1
neurosis,1
subcutaneous abscess,1
breast inflammation,1
asymptomatic bacteriuria,1
oil acne,1
cluster headache,1
nasal disorder,1
muscle necrosis,1
dermatitis contact,1
growth retardation,1
latent tuberculosis,1
vascular access site haemorrhage,1
obliterative bronchiolitis,1
recalled product,1
central pain syndrome,1
tympanometry,1
interleukin2 receptor increased,1
chest injury,1
lung adenocarcinoma,1
gangrene,1
thanatophobia,1
ocular ischaemic syndrome,1
product compounding quality issue,1
therapeutic response increased,1
hypoventilation,1
secondary progressive multiple sclerosis,1
tachycardia paroxysmal,1
corneal opacity,1
hypercoagulation,1
varices oesophageal,1
dental dysaesthesia,1
urine magnesium increased,1
psychotic behaviour,1
cycloplegia,1
incorrect dose administered by product,1
premenstrual syndrome,1
pancreatitis haemorrhagic,1
cerebral hyperperfusion syndrome,1
glomerular filtration rate increased,1
injection site cellulitis,1
haemangioma of liver,1
hepatojugular reflux,1
computerised tomogram thorax,1
acantholysis,1
helicobacter gastritis,1
candida sepsis,1
nasal mucosal discolouration,1
corneal abrasion,1
biliary dilatation,1
tryptase increased,1
cerebrovascular stenosis,1
hypereosinophilic syndrome,1
ocular toxicity,1
application site scar,1
central nervous system inflammation,1
physical product label issue,1
application site exfoliation,1
neuritis,1
pseudomembranous colitis,1
withdrawal arrhythmia,1
aspiration bone marrow abnormal,1
central nervous system infection,1
dyspraxia,1
urine flow decreased,1
skin induration,1
hepatic cancer,1
leukaemia,1
nephrocalcinosis,1
demyelination,1
victim of abuse,1
rhinitis,1
neuropsychiatric symptoms,1
poor quality drug administered,1
onychomadesis,1
dysmorphism,1
blood bilirubin decreased,1
cushingoid,1
ventricular asystole,1
respiratory tract infection viral,1
livedo reticularis,1
fear of crowded places,1
ovulation pain,1
epididymal cyst,1
ovarian cyst ruptured,1
viral upper respiratory tract infection,1
aortic valve stenosis,1
bone cyst,1
histamine intolerance,1
haematotoxicity,1
endocrine disorder,1
eyeball avulsion,1
low density lipoprotein decreased,1
anaesthetic complication,1
bone tuberculosis,1
mean cell volume abnormal,1
tinea infection,1
trigeminal nerve disorder,1
immunology test abnormal,1
kyphosis,1
eye burns,1
pupillary disorder,1
skin infection,1
product monitoring error,1
wound dehiscence,1
diverticulum intestinal,1
eosinophil percentage increased,1
schizophreniform disorder,1
sensory level abnormal,1
periodic limb movement disorder,1
fungal skin infection,1
collagen disorder,1
spinal column injury,1
accelerated hypertension,1
sitting disability,1
painful respiration,1
atrophic vulvovaginitis,1
duodenal neoplasm,1
cranial nerve disorder,1
cortisol decreased,1
calculus urinary,1
infectious colitis,1
ureteric dilatation,1
acute vestibular syndrome,1
genital disorder male,1
alexithymia,1
periorbital haematoma,1
labour induction,1
vascular compression,1
rhinovirus infection,1
fibrocystic breast disease,1
blood electrolytes decreased,1
focal epithelial hyperplasia,1
selective mutism,1
atypical femur fracture,1
limb crushing injury,1
gastrointestinal tract irritation,1
myofascial pain syndrome,1
cystinosis,1
uterine disorder,1
vertebral column mass,1
stress at work,1
postictal psychosis,1
rash vesicular,1
pneumonia klebsiella,1
congenital hydronephrosis,1
craniosynostosis,1
umbilical cord abnormality,1
therapeutic product effect prolonged,1
renal infarct,1
stress ulcer,1
blood fibrinogen decreased,1
adulterated product,1
xerosis,1
pancreatic disorder,1
diaphragmatic paralysis,1
secondary hypothyroidism,1
blood folate increased,1
colonoscopy,1
antineutrophil cytoplasmic antibody decreased,1
teratoma,1
intercepted medication error,1
intercepted product preparation error,1
ingrown hair,1
h1n1 influenza,1
meningitis bacterial,1
necrotising fasciitis,1
vascular operation,1
upper respiratory tract irritation,1
apnoea test abnormal,1
angiogram,1
carotid artery disease,1
foreign body in gastrointestinal tract,1
wrong technique in device usage process,1
total bile acids increased,1
microscopic enteritis,1
pancreatitis relapsing,1
duodenal perforation,1
meniscus operation,1
procedural nausea,1
grunting,1
tendon injury,1
genital candidiasis,1
eyelids pruritus,1
rectocele,1
genital lesion,1
male genital atrophy,1
eyelid irritation,1
myocardial injury,1
vitamin b1 decreased,1
eyelid operation,1
diabetic complication,1
neoplasm,1
upper respiratory tract inflammation,1
bronchogram,1
hydrops foetalis,1
tachycardia foetal,1
ketonuria,1
glomerulonephropathy,1
micrographic skin surgery,1
enterobacter bacteraemia,1
tongue operation,1
pharyngeal reconstruction,1
nasal septal operation,1
turbinectomy,1
diabetic ketosis,1
stridor,1
complication associated with device,1
exposure to toxic agent,1
tonsillar hypertrophy,1
coronary artery stenosis,1
urinary tract obstruction,1
transitional cell carcinoma,1
imprisonment,1
carbohydrate tolerance decreased,1
oral mucosal exfoliation,1
urine abnormality,1
blood chromogranin a increased,1
atrial conduction time prolongation,1
lymphocytosis,1
spondylolisthesis,1
corneal dystrophy,1
device mechanical issue,1
internal fixation of fracture,1
polymyalgia rheumatica,1
white blood cells urine positive,1
giant cell arteritis,1
ovarian disorder,1
chemotherapeutic drug level below therapeutic,1
immunosuppressant drug level decreased,1
pseudohypoglycaemia,1
echocardiogram abnormal,1
cough variant asthma,1
enanthema,1
gastrointestinal injury,1
eyelid contusion,1
selfdestructive behaviour,1
pregnancy test positive,1
febrile infection,1
gastroenteritis salmonella,1
tooth resorption,1
rabbit syndrome,1
nasal crusting,1
exposure to sarscov2,1
biliary colic,1
tumour marker increased,1
ankle operation,1
product blister packaging issue,1
cholangitis sclerosing,1
negative symptoms in schizophrenia,1
medical device discomfort,1
benign prostatic hyperplasia,1
rabies,1
head deformity,1
multiple system atrophy,1
brain stem stroke,1
abdominal lymphadenopathy,1
epidermal necrosis,1
polymenorrhoea,1
hypomenorrhoea,1
cystitis haemorrhagic,1
alpha hydroxybutyrate dehydrogenase increased,1
vocal cord thickening,1
rhinitis atrophic,1
scrotal oedema,1
adrenal mass,1
vulval disorder,1
pneumonia pneumococcal,1
gastrointestinal hypomotility,1
suspiciousness,1
myelodysplastic syndrome,1
anticonvulsant drug level decreased,1
intermenstrual bleeding,1
lid lag,1
hospice care,1
cauda equina syndrome,1
boredom,1
urinary bladder suspension,1
blood potassium abnormal,1
microscopic polyangiitis,1
radiation inflammation,1
rubella,1
monocytopenia,1
semen discolouration,1
brain operation,1
face injury,1
premature separation of placenta,1
arrested labour,1
chloasma,1
lipids abnormal,1
gene mutation,1
haemosiderosis,1
lacrimal disorder,1
wolffparkinsonwhite syndrome,1
accident at home,1
congenital musculoskeletal disorder,1
gastric polypectomy,1
procedural hypotension,1
vocal cord paralysis,1
vibration syndrome,1
dermatomyositis,1
cardiovascular symptom,1
breast cancer stage iv,1
purple urine bag syndrome,1
catheter site extravasation,1
congenital musculoskeletal disorder of spine,1
thyrotoxic crisis,1
aerophagia,1
vascular encephalopathy,1
foetal monitoring abnormal,1
malignant catatonia,1
tobacco user,1
amputation,1
hypertelorism,1
fat necrosis,1
ventricular dyskinesia,1
thalamus haemorrhage,1
ileostomy,1
gallbladder hypofunction,1
intestinal congestion,1
human herpesvirus 6 infection reactivation,1
symmetrical drugrelated intertriginous and flexural exanthema,1
wrong schedule,1
leukoplakia oral,1
oestradiol decreased,1
sensory processing disorder,1
eating disorder symptom,1
peripheral vein thrombosis,1
cardiac discomfort,1
acoustic neuroma,1
basophil count increased,1
comminuted fracture,1
myoclonic dystonia,1
groin infection,1
invasive ductal breast carcinoma,1
pelvic mass,1
epsteinbarr virus infection,1
preictal state,1
blood growth hormone increased,1
insulinlike growth factor increased,1
anal abscess,1
tcell lymphoma,1
echocardiogram,1
involuntary commitment,1
labelled drugdisease interaction issue,1
vascular device infection,1
enterococcal infection,1
parkinsonism hyperpyrexia syndrome,1
enterococcal bacteraemia,1
medical procedure,1
product tampering,1
liver function test decreased,1
blood albumin increased,1
hyperparathyroidism,1
electrocardiogram qt interval,1
thyroid dysfunction in pregnancy,1
drug withdrawal maintenance therapy,1
cerebral small vessel ischaemic disease,1
brain neoplasm malignant,1
heterophoria,1
agnosia,1
drug delivery system issue,1
sleep inertia,1
lactation insufficiency,1
sexually active,1
colostomy,1
ketosis,1
overflow diarrhoea,1
social stay hospitalisation,1
dystonic tremor,1
corneal disorder,1
sjsten overlap,1
metamorphopsia,1
leukaemoid reaction,1
superficial inflammatory dermatosis,1
hepatobiliary disease,1
lumbar radiculopathy,1
paraganglion neoplasm,1
hemiplegic migraine,1
hantaviral infection,1
androgenetic alopecia,1
iga nephropathy,1
magnesium deficiency,1
lymphatic disorder,1
electrocardiogram qt interval abnormal,1
portal hypertensive gastropathy,1
small fibre neuropathy,1
regressive behaviour,1
bacterial colitis,1
umbilical haemorrhage,1
choroid melanoma,1
pancreatic enzymes increased,1
pruritus genital,1
maxillofacial operation,1
parkinsonian rest tremor,1
coronary artery surgery,1
spontaneous splenic rupture,1
labelled drugdisease interaction medication error,1
stroke in evolution,1
herpes virus infection,1
liposuction,1
pregnancy with implant contraceptive,1
hyperaemia,1
product identification number issue,1
sarcoidosis of lymph node,1
superficial vein thrombosis,1
prothrombin time prolonged,1
heat illness,1
vitamin b1 deficiency,1
vocal cord inflammation,1
lymph node tuberculosis,1
diastolic dysfunction,1
gastrointestinal infection,1
skin papilloma,1
blood blister,1
ovarian germ cell teratoma,1
pancreatic neuroendocrine tumour,1
endocarditis,1
epididymitis,1
dysacusis,1
focal nodular hyperplasia,1
transient psychosis,1
paradoxical insomnia,1
uhthoffs phenomenon,1
adrenal disorder,1
living in residential institution,1
transcranial magnetic stimulation,1
splenic vein thrombosis,1
nasal injury,1
paedophilia,1
status migrainosus,1
ovarian cyst,1
leg amputation,1
tangentiality,1
fractured coccyx,1
egocentrism,1
pelvic neoplasm,1
chronotropic incompetence,1
elbow operation,1
refusal of examination,1
erythropenia,1
therapeutic response delayed,1
nasal obstruction,1
nonconsummation,1
pathogen resistance,1
endometrial cancer,1
gastritis bacterial,1
irritability postvaccinal,1
product confusion,1
ectopic pregnancy,1
vitreous haemorrhage,1
dermatitis papillaris capillitii,1
injection site scar,1
silent thyroiditis,1
pancreatic enlargement,1
blood thyroid stimulating hormone abnormal,1
intestinal operation,1
large intestinal stenosis,1
hemianopia homonymous,1
pharyngeal hypoaesthesia,1
oesophageal ulcer haemorrhage,1
enzyme abnormality,1
blood pressure measurement,1
tympanic membrane perforation,1
rotator cuff repair,1
muscle operation,1
heart sounds abnormal,1
scar excision,1
chest xray abnormal,1
cardiac electrophysiologic study,1
hyperarousal,1
congenital diaphragmatic hernia,1
bronchial disorder,1
haemorrhoid infection,1
vertebral wedging,1
eye luxation,1
promiscuity,1
streptococcus test positive,1
urinary tract pain,1
oesophagitis ulcerative,1
oculocephalogyric reflex absent,1
intensive care unit acquired weakness,1
bacterial translocation,1
explorative laparotomy,1
gastrointestinal neoplasm,1
lumbar hernia,1
cervicobrachial syndrome,1
vulvovaginal swelling,1
microvascular cranial nerve palsy,1
arteriospasm coronary,1
ammonia abnormal,1
heteroplasia,1
urinary tract disorder,1
prealbumin decreased,1
orbital space occupying lesion,1
skin oedema,1
penile swelling,1
drug therapy,1
vertebroplasty,1
cardiac perfusion defect,1
product contamination with body fluid,1
diffuse large bcell lymphoma,1
shock symptom,1
neck surgery,1
parkinsons disease psychosis,1
venous haemorrhage,1
acarodermatitis,1
triiodothyronine decreased,1
thyroxine decreased,1
postrenal failure,1
retinal vascular occlusion,1
cranial nerve paralysis,1
triiodothyronine free decreased,1
prothrombin time abnormal,1
granuloma annulare,1
anticoagulation drug level increased,1
excessive masturbation,1
pancreatic cyst,1
adverse food reaction,1
vulvovaginal disorder,1
macular telangiectasia,1
renal tubular disorder,1
reversible splenial lesion syndrome,1
enlarged cerebral perivascular spaces,1
genital discharge,1
eye allergy,1
paralysis recurrent laryngeal nerve,1
staphylococcal sepsis,1
burnout syndrome,1
radicular pain,1
device failure,1
hyperemesis gravidarum,1
blood chloride increased,1
breast operation,1
spleen congestion,1
hepatic congestion,1
vulvovaginal burning sensation,1
gastrointestinal erosion,1
follicular thyroid cancer,1
pupillary block,1
visual field tests abnormal,1
antipsychotic drug level decreased,1
hilar lymphadenopathy,1
granuloma,1
platelet aggregation inhibition,1
meibomian gland dysfunction,1
osteoma,1
obstruction gastric,1
acute flaccid myelitis,1
urinary tract discomfort,1
kidney congestion,1
scrotal swelling,1
mean cell haemoglobin increased,1
procedural pain,1
encephalomalacia,1
osteochondrosis,1
housebound,1
gammaglutamyltransferase,1
cellulitis orbital,1
platelet aggregation decreased,1
bladder prolapse,1
infusion site discharge,1
product container seal issue,1
methaemoglobinaemia,1
ear pruritus,1
cardiac steatosis,1
rileyday syndrome,1
phobia,1
basophil count decreased,1
whipples disease,1
inflammatory marker increased,1
venous thrombosis limb,1
erythema annulare,1
vaginal cancer,1
scleroedema,1
ovarian cancer stage iii,1
lacrimation disorder,1
genital herpes,1
product selection error,1
death of relative,1
incorrect product dosage form administered,1
hyperglycaemic seizure,1
placenta praevia haemorrhage,1
abortion threatened,1
cerebrovascular insufficiency,1
urethral obstruction,1
enzyme level decreased,1
mean cell volume increased,1
malignant hypertension,1
blood sodium increased,1
bladder cancer,1
dialysis,1
systemic mycosis,1
oral fungal infection,1
postictal state,1
breath sounds,1
respiratory symptom,1
nephritis,1
cardiac septal defect,1
skin swelling,1
vascular purpura,1
oversensing,1
paternal exposure during pregnancy,1
stent placement,1
product preparation issue,1
electrocardiogram t wave peaked,1
thyroxine free decreased,1
cyanopsia,1
oropharyngeal swelling,1
incorrect drug administration rate,1
bacterial test positive,1
decerebrate posture,1
rhegmatogenous retinal detachment,1
bone metabolism disorder,1
anorectal discomfort,1
monocyte count decreased,1
epidermolysis bullosa,1
oedema mucosal,1
phantom limb syndrome,1
transfusion reaction,1
hypotensive crisis,1
intervertebral disc compression,1
fuchs syndrome,1
circumoral swelling,1
genital erythema,1
spinal stenosis,1
limb traumatic amputation,1
hysterical psychosis,1
lung cyst,1
oropharyngeal surgery,1
carotid arteriosclerosis,1
cardiopulmonary failure,1
optic disc haemorrhage,1
tendon disorder,1
menieres disease,1
apparent life threatening event,1
skin injury,1
prurigo,1
precancerous skin lesion,1
actinic keratosis,1
gammaglutamyltransferase abnormal,1
obstructed labour,1
premature baby,1
somatic hallucination,1
genital swelling,1
symblepharon,1
anticipatory anxiety,1
eye haematoma,1
prostatic operation,1
benign hepatic neoplasm,1
nervous system injury,1
antisocial personality disorder,1
creatinine renal clearance increased,1
chronic cheek biting,1
application site bruise,1
extraocular muscle disorder,1
appendicectomy,1
right hemisphere deficit syndrome,1
loss of proprioception,1
hemiataxia,1
thyroid function test abnormal,1
epidermolysis,1
pharyngeal erythema,1
ligament injury,1
change in seizure presentation,1
parathyroid disorder,1
adrenal gland injury,1
parakeratosis,1
hyperkeratosis,1
blood calcium decreased,1
hepatic pain,1
blood iron increased,1
delusion of reference,1
prehypertension,1
gastrointestinal wall thickening,1
verbal abuse,1
malignant neoplasm of renal pelvis,1
somatic delusion,1
electrocardiogram pr shortened,1
device programming error,1
pyelocaliectasis,1
haematospermia,1
type iv hypersensitivity reaction,1
application site discomfort,1
urticarial vasculitis,1
progressive multifocal leukoencephalopathy,1
abdominal fat apron,1
blood cholesterol,1
univentricular heart,1
pulmonary valve stenosis,1
reticulocyte count decreased,1
erythropoiesis abnormal,1
erythroid maturation arrest,1
aplasia pure red cell,1
sexual relationship change,1
arrhythmia supraventricular,1
paranasal sinus hyposecretion,1
product label confusion,1
encephalitis mumps,1
throat clearing,1
congenital musculoskeletal anomaly,1
psoriatic arthropathy,1
diabetic foot,1
muscle strength abnormal,1
ulna fracture,1
deformity,1
herpes simplex,1
menopause,1
aptyalism,1
oral mucosal scab,1
dental operation,1
renal cyst,1
sarscov2 test negative,1
teething,1
transplant failure,1
electrocardiogram t wave amplitude decreased,1
appendicitis,1
stenosis,1
allergic respiratory symptom,1
transsexualism,1
pyromania,1
ventricular dyssynchrony,1
myocardial bridging,1
infusion site joint swelling,1
infusion site bruising,1
pilonidal cyst,1
infusion site oedema,1
symbolic dysfunction,1
device infusion issue,1
shoplifting,1
tetany,1
gallbladder polyp,1
alcoholic,1
secondary tic,1
facet joint syndrome,1
rectocele repair,1
bacterial vaginosis,1
blood caffeine increased,1
retained placenta or membranes,1
vulvovaginal injury,1
endometrial cancer stage iv,1
cardiac ventricular disorder,1
epinephrine increased,1
organic brain syndrome,1
cervical vertebral fracture,1
macular oedema,1
cerebral microhaemorrhage,1
radiotherapy,1
retinal injury,1
tonsillectomy,1
assisted delivery,1
joint instability,1
staphylococcal bacteraemia,1
coronary arterial stent insertion,1
perforated ulcer,1
anaemia folate deficiency,1
