pt,count
drug effect incomplete,57
gastric disorder,44
menorrhagia,41
congestive cardiomyopathy,37
drug effect decreased,33
rash generalised,33
pruritus generalised,25
temporomandibular joint syndrome,24
metrorrhagia,18
immune thrombocytopenic purpura,15
nonalcoholic steatohepatitis,13
thrombophlebitis superficial,13
pupils unequal,12
electrocardiogram pq interval prolonged,10
attention deficithyperactivity disorder,8
fluid overload,7
medication residue present,6
mucous membrane disorder,6
lung infection,6
facial bones fracture,5
sensitivity of teeth,5
nikolskys sign,5
bone marrow toxicity,4
chondrocalcinosis pyrophosphate,4
peritoneal haemorrhage,4
suppressed lactation,4
impaired selfcare,3
hypertelorism of orbit,3
generalised erythema,3
drug effect increased,3
perirenal haematoma,3
nuclear magnetic resonance imaging brain abnormal,2
alveolitis allergic,2
spinal column stenosis,2
laceration,2
intracardiac thrombus,2
gastrointestinal bacterial overgrowth,2
basedows disease,2
genital disorder male,1
cows milk intolerance,1
eye burns,1
drug effect delayed,1
infectious colitis,1
rectocele repair,1
facial neuralgia,1
secondary hypothyroidism,1
total bile acids increased,1
pilonidal cyst,1
neuropsychiatric symptoms,1
change in seizure presentation,1
blood count abnormal,1
extraocular muscle paresis,1
bladder prolapse,1
hepatic congestion,1
apparent life threatening event,1
explorative laparotomy,1
reversible splenial lesion syndrome,1
aptyalism,1
congenital musculoskeletal anomaly,1
myxoedema coma,1
